species	species_row	display_name	scientific_name	assembly	assembly_accession	source_database	release	matrix_row	matrix_column	cluster_column	cluster_family	cluster	cluster_name	hox_number	hox_slot	hox_slot_label	slot	gene_symbol	gene_id	gene_version	gene_stable_id_version	gene_source	gene_biotype	seqname	gene_start	gene_end	strand	transcript_id	transcript_version	transcript_stable_id_version	transcript_name	transcript_source	transcript_biotype	transcript_start	transcript_end	transcript_span_bp	protein_id	protein_version	protein_stable_id_version	cds_piece_count	cds_length_bp	initiation_codon_center	coding_midpoint	stop_codon_center	genomic_x_start	genomic_x_middle	genomic_x_end	x	initiation_anchor_source	stop_anchor_source	initiation_anchor_fallback	stop_anchor_fallback	any_anchor_fallback	coding_transcript_candidate_count	protein_coding_transcript_count	eligible_safe_protein_coding_transcript_count	curated_transcript_exclusion_applied	unsafe_merged_transcript_exclusion_applied	excluded_transcript_count	excluded_transcript_ids	excluded_protein_ids	excluded_transcript_assessments	excluded_transcript_reason	selected_is_ensembl_canonical	transcript_selection_rule	codon_anchor_rule	midpoint_rule	mapping_method	mapping_note	xref_conflict_flag	xref_conflict_note	source_url	source_file	source_sha256
human	human	Human	Homo sapiens	GRCh38	GCA_000001405.29	Ensembl	116	human	A	A	A	A	A	13	3	Hox13	Hox13	HOXA13	ENSG00000106031	9	ENSG00000106031.9	ensembl_havana	protein_coding	7	27193503	27200091	-	ENST00000649031	1	ENST00000649031.1	HOXA13-202	ensembl_havana	protein_coding	27194364	27200091	5728	ENSP00000497112	1	ENSP00000497112.1	2	1164	27200076	27199137.5	27198199	27200076	27199137.5	27198199	27199137.5	explicit_start_codon	explicit_stop_codon	FALSE	FALSE	FALSE	1	1	1	FALSE	FALSE	0					TRUE	greatest_genomic_span_with_usable_CDS_and_strand;ties_Ensembl_canonical_then_transcript_id	explicit_codon_middle_when_complete_else_terminal_CDS_positional_proxy_in_transcription_order	arithmetic_genomic_midpoint_between_codon_centers	source_gene_symbol	Hox family and number parsed from the Ensembl GTF gene_name.	FALSE		https://ftp.ensembl.org/pub/release-116/gtf/homo_sapiens/Homo_sapiens.GRCh38.116.chr.gtf.gz	Homo_sapiens.GRCh38.116.chr.gtf.gz	f101fe4b1a350deaf26ab04bb565ba3e638e467fdc14c5c20b989b03edc87e05
human	human	Human	Homo sapiens	GRCh38	GCA_000001405.29	Ensembl	116	human	A	A	A	A	A	11	5	Hox11	Hox11	HOXA11	ENSG00000005073	7	ENSG00000005073.7	ensembl_havana	protein_coding	7	27181157	27185253	-	ENST00001135396	1	ENST00001135396.1	HOXA11-203	ensembl_havana	protein_coding	27181157	27185253	4097	ENSP00000801216	1	ENSP00000801216.1	2	939	27185143	27183970	27182797	27185143	27183970	27182797	27183970	explicit_start_codon	explicit_stop_codon	FALSE	FALSE	FALSE	3	3	3	FALSE	FALSE	0					FALSE	greatest_genomic_span_with_usable_CDS_and_strand;ties_Ensembl_canonical_then_transcript_id	explicit_codon_middle_when_complete_else_terminal_CDS_positional_proxy_in_transcription_order	arithmetic_genomic_midpoint_between_codon_centers	source_gene_symbol	Hox family and number parsed from the Ensembl GTF gene_name.	FALSE		https://ftp.ensembl.org/pub/release-116/gtf/homo_sapiens/Homo_sapiens.GRCh38.116.chr.gtf.gz	Homo_sapiens.GRCh38.116.chr.gtf.gz	f101fe4b1a350deaf26ab04bb565ba3e638e467fdc14c5c20b989b03edc87e05
human	human	Human	Homo sapiens	GRCh38	GCA_000001405.29	Ensembl	116	human	A	A	A	A	A	10	6	Hox10	Hox10	HOXA10	ENSG00000253293	7	ENSG00000253293.7	ensembl_havana	protein_coding	7	27170592	27180261	-	ENST00000396344	5	ENST00000396344.5	HOXA10-202	havana	protein_coding	27170592	27180261	9670	ENSP00000379633	4	ENSP00000379633.4	2	282	27179654	27175777	27171900	27179654	27175777	27171900	27175777	explicit_start_codon	explicit_stop_codon	FALSE	FALSE	FALSE	3	3	3	FALSE	FALSE	0					FALSE	greatest_genomic_span_with_usable_CDS_and_strand;ties_Ensembl_canonical_then_transcript_id	explicit_codon_middle_when_complete_else_terminal_CDS_positional_proxy_in_transcription_order	arithmetic_genomic_midpoint_between_codon_centers	source_gene_symbol	Hox family and number parsed from the Ensembl GTF gene_name.	FALSE		https://ftp.ensembl.org/pub/release-116/gtf/homo_sapiens/Homo_sapiens.GRCh38.116.chr.gtf.gz	Homo_sapiens.GRCh38.116.chr.gtf.gz	f101fe4b1a350deaf26ab04bb565ba3e638e467fdc14c5c20b989b03edc87e05
human	human	Human	Homo sapiens	GRCh38	GCA_000001405.29	Ensembl	116	human	A	A	A	A	A	9	7	Hox9	Hox9	HOXA9	ENSG00000078399	20	ENSG00000078399.20	ensembl_havana	protein_coding	7	27162438	27175180	-	ENST00001143300	1	ENST00001143300.1	HOXA9-209	ensembl_havana	protein_coding	27162438	27165565	3128	ENSP00000808070	1	ENSP00000808070.1	2	816	27165456	27164530	27163604	27165456	27164530	27163604	27164530	explicit_start_codon	explicit_stop_codon	FALSE	FALSE	FALSE	5	5	5	FALSE	FALSE	0					FALSE	greatest_genomic_span_with_usable_CDS_and_strand;ties_Ensembl_canonical_then_transcript_id	explicit_codon_middle_when_complete_else_terminal_CDS_positional_proxy_in_transcription_order	arithmetic_genomic_midpoint_between_codon_centers	source_gene_symbol	Hox family and number parsed from the Ensembl GTF gene_name.	FALSE		https://ftp.ensembl.org/pub/release-116/gtf/homo_sapiens/Homo_sapiens.GRCh38.116.chr.gtf.gz	Homo_sapiens.GRCh38.116.chr.gtf.gz	f101fe4b1a350deaf26ab04bb565ba3e638e467fdc14c5c20b989b03edc87e05
human	human	Human	Homo sapiens	GRCh38	GCA_000001405.29	Ensembl	116	human	A	A	A	A	A	7	9	Hox7	Hox7	HOXA7	ENSG00000122592	9	ENSG00000122592.9	ensembl_havana	protein_coding	7	27153716	27157936	-	ENST00001136817	1	ENST00001136817.1	HOXA7-205	ensembl_havana	protein_coding	27153716	27156692	2977	ENSP00000802270	1	ENSP00000802270.1	2	690	27156544	27155727	27154910	27156544	27155727	27154910	27155727	explicit_start_codon	explicit_stop_codon	FALSE	FALSE	FALSE	4	4	4	FALSE	FALSE	0					FALSE	greatest_genomic_span_with_usable_CDS_and_strand;ties_Ensembl_canonical_then_transcript_id	explicit_codon_middle_when_complete_else_terminal_CDS_positional_proxy_in_transcription_order	arithmetic_genomic_midpoint_between_codon_centers	source_gene_symbol	Hox family and number parsed from the Ensembl GTF gene_name.	FALSE		https://ftp.ensembl.org/pub/release-116/gtf/homo_sapiens/Homo_sapiens.GRCh38.116.chr.gtf.gz	Homo_sapiens.GRCh38.116.chr.gtf.gz	f101fe4b1a350deaf26ab04bb565ba3e638e467fdc14c5c20b989b03edc87e05
human	human	Human	Homo sapiens	GRCh38	GCA_000001405.29	Ensembl	116	human	A	A	A	A	A	6	10	Hox6	Hox6	HOXA6	ENSG00000106006	7	ENSG00000106006.7	ensembl_havana	protein_coding	7	27144103	27150603	-	ENST00001140137	1	ENST00001140137.1	HOXA6-203	ensembl_havana	protein_coding	27144103	27147774	3672	ENSP00000801795	1	ENSP00000801795.1	2	699	27147748	27146703.5	27145659	27147748	27146703.5	27145659	27146703.5	explicit_start_codon	explicit_stop_codon	FALSE	FALSE	FALSE	2	2	2	FALSE	FALSE	0					FALSE	greatest_genomic_span_with_usable_CDS_and_strand;ties_Ensembl_canonical_then_transcript_id	explicit_codon_middle_when_complete_else_terminal_CDS_positional_proxy_in_transcription_order	arithmetic_genomic_midpoint_between_codon_centers	source_gene_symbol	Hox family and number parsed from the Ensembl GTF gene_name.	FALSE		https://ftp.ensembl.org/pub/release-116/gtf/homo_sapiens/Homo_sapiens.GRCh38.116.chr.gtf.gz	Homo_sapiens.GRCh38.116.chr.gtf.gz	f101fe4b1a350deaf26ab04bb565ba3e638e467fdc14c5c20b989b03edc87e05
human	human	Human	Homo sapiens	GRCh38	GCA_000001405.29	Ensembl	116	human	A	A	A	A	A	5	11	Hox5	Hox5	HOXA5	ENSG00000106004	6	ENSG00000106004.6	ensembl_havana	protein_coding	7	27141052	27143719	-	ENST00001138441	1	ENST00001138441.1	HOXA5-203	ensembl_havana	protein_coding	27141052	27143719	2668	ENSP00000801794	1	ENSP00000801794.1	2	810	27143606	27142721	27141836	27143606	27142721	27141836	27142721	explicit_start_codon	explicit_stop_codon	FALSE	FALSE	FALSE	2	2	2	FALSE	FALSE	0					FALSE	greatest_genomic_span_with_usable_CDS_and_strand;ties_Ensembl_canonical_then_transcript_id	explicit_codon_middle_when_complete_else_terminal_CDS_positional_proxy_in_transcription_order	arithmetic_genomic_midpoint_between_codon_centers	source_gene_symbol	Hox family and number parsed from the Ensembl GTF gene_name.	FALSE		https://ftp.ensembl.org/pub/release-116/gtf/homo_sapiens/Homo_sapiens.GRCh38.116.chr.gtf.gz	Homo_sapiens.GRCh38.116.chr.gtf.gz	f101fe4b1a350deaf26ab04bb565ba3e638e467fdc14c5c20b989b03edc87e05
human	human	Human	Homo sapiens	GRCh38	GCA_000001405.29	Ensembl	116	human	A	A	A	A	A	4	12	Hox4	Hox4	HOXA4	ENSG00000197576	16	ENSG00000197576.16	ensembl_havana	protein_coding	7	27127887	27130780	-	ENST00000610970	2	ENST00000610970.2	HOXA4-203	ensembl	protein_coding	27127887	27130780	2894	ENSP00000479166	1	ENSP00000479166.1	2	960	27130732	27129979	27129226	27130732	27129979	27129226	27129979	explicit_start_codon	explicit_stop_codon	FALSE	FALSE	FALSE	3	3	3	FALSE	FALSE	0					FALSE	greatest_genomic_span_with_usable_CDS_and_strand;ties_Ensembl_canonical_then_transcript_id	explicit_codon_middle_when_complete_else_terminal_CDS_positional_proxy_in_transcription_order	arithmetic_genomic_midpoint_between_codon_centers	source_gene_symbol	Hox family and number parsed from the Ensembl GTF gene_name.	FALSE		https://ftp.ensembl.org/pub/release-116/gtf/homo_sapiens/Homo_sapiens.GRCh38.116.chr.gtf.gz	Homo_sapiens.GRCh38.116.chr.gtf.gz	f101fe4b1a350deaf26ab04bb565ba3e638e467fdc14c5c20b989b03edc87e05
human	human	Human	Homo sapiens	GRCh38	GCA_000001405.29	Ensembl	116	human	A	A	A	A	A	3	13	Hox3	Hox3	HOXA3	ENSG00000105997	25	ENSG00000105997.25	ensembl_havana	protein_coding	7	27106184	27152610	-	ENST00000851228	2	ENST00000851228.2	HOXA3-207	havana_tagene	protein_coding	27106184	27152610	46427	ENSP00000521287	1	ENSP00000521287.1	2	1329	27110639	27109277.5	27107916	27110639	27109277.5	27107916	27109277.5	explicit_start_codon	explicit_stop_codon	FALSE	FALSE	FALSE	15	15	15	FALSE	FALSE	0					FALSE	greatest_genomic_span_with_usable_CDS_and_strand;ties_Ensembl_canonical_then_transcript_id	explicit_codon_middle_when_complete_else_terminal_CDS_positional_proxy_in_transcription_order	arithmetic_genomic_midpoint_between_codon_centers	source_gene_symbol	Hox family and number parsed from the Ensembl GTF gene_name.	FALSE		https://ftp.ensembl.org/pub/release-116/gtf/homo_sapiens/Homo_sapiens.GRCh38.116.chr.gtf.gz	Homo_sapiens.GRCh38.116.chr.gtf.gz	f101fe4b1a350deaf26ab04bb565ba3e638e467fdc14c5c20b989b03edc87e05
human	human	Human	Homo sapiens	GRCh38	GCA_000001405.29	Ensembl	116	human	A	A	A	A	A	2	14	Hox2	Hox2	HOXA2	ENSG00000105996	8	ENSG00000105996.8	ensembl_havana	protein_coding	7	27099978	27102686	-	ENST00001141882	1	ENST00001141882.1	HOXA2-203	ensembl_havana	protein_coding	27099978	27102683	2706	ENSP00000801793	1	ENSP00000801793.1	2	1128	27102499	27101613	27100727	27102499	27101613	27100727	27101613	explicit_start_codon	explicit_stop_codon	FALSE	FALSE	FALSE	2	2	2	FALSE	FALSE	0					FALSE	greatest_genomic_span_with_usable_CDS_and_strand;ties_Ensembl_canonical_then_transcript_id	explicit_codon_middle_when_complete_else_terminal_CDS_positional_proxy_in_transcription_order	arithmetic_genomic_midpoint_between_codon_centers	source_gene_symbol	Hox family and number parsed from the Ensembl GTF gene_name.	FALSE		https://ftp.ensembl.org/pub/release-116/gtf/homo_sapiens/Homo_sapiens.GRCh38.116.chr.gtf.gz	Homo_sapiens.GRCh38.116.chr.gtf.gz	f101fe4b1a350deaf26ab04bb565ba3e638e467fdc14c5c20b989b03edc87e05
human	human	Human	Homo sapiens	GRCh38	GCA_000001405.29	Ensembl	116	human	A	A	A	A	A	1	15	Hox1	Hox1	HOXA1	ENSG00000105991	11	ENSG00000105991.11	ensembl_havana	protein_coding	7	27092993	27096039	-	ENST00000643460	2	ENST00000643460.2	HOXA1-202	ensembl_havana	protein_coding	27092993	27096000	3008	ENSP00000494260	2	ENSP00000494260.2	2	1005	27095911	27095176	27094441	27095911	27095176	27094441	27095176	explicit_start_codon	explicit_stop_codon	FALSE	FALSE	FALSE	2	2	2	FALSE	FALSE	0					TRUE	greatest_genomic_span_with_usable_CDS_and_strand;ties_Ensembl_canonical_then_transcript_id	explicit_codon_middle_when_complete_else_terminal_CDS_positional_proxy_in_transcription_order	arithmetic_genomic_midpoint_between_codon_centers	source_gene_symbol	Hox family and number parsed from the Ensembl GTF gene_name.	FALSE		https://ftp.ensembl.org/pub/release-116/gtf/homo_sapiens/Homo_sapiens.GRCh38.116.chr.gtf.gz	Homo_sapiens.GRCh38.116.chr.gtf.gz	f101fe4b1a350deaf26ab04bb565ba3e638e467fdc14c5c20b989b03edc87e05
human	human	Human	Homo sapiens	GRCh38	GCA_000001405.29	Ensembl	116	human	B	B	B	B	B	13	3	Hox13	Hox13	HOXB13	ENSG00000159184	9	ENSG00000159184.9	ensembl_havana	protein_coding	17	48724750	48729076	-	ENST00001143312	1	ENST00001143312.1	HOXB13-202	ensembl_havana	protein_coding	48724750	48729076	4327	ENSP00000804766	1	ENSP00000804766.1	2	852	48728592	48727691.5	48726791	48728592	48727691.5	48726791	48727691.5	explicit_start_codon	explicit_stop_codon	FALSE	FALSE	FALSE	2	2	2	FALSE	FALSE	0					FALSE	greatest_genomic_span_with_usable_CDS_and_strand;ties_Ensembl_canonical_then_transcript_id	explicit_codon_middle_when_complete_else_terminal_CDS_positional_proxy_in_transcription_order	arithmetic_genomic_midpoint_between_codon_centers	source_gene_symbol	Hox family and number parsed from the Ensembl GTF gene_name.	FALSE		https://ftp.ensembl.org/pub/release-116/gtf/homo_sapiens/Homo_sapiens.GRCh38.116.chr.gtf.gz	Homo_sapiens.GRCh38.116.chr.gtf.gz	f101fe4b1a350deaf26ab04bb565ba3e638e467fdc14c5c20b989b03edc87e05
human	human	Human	Homo sapiens	GRCh38	GCA_000001405.29	Ensembl	116	human	B	B	B	B	B	9	7	Hox9	Hox9	HOXB9	ENSG00000170689	11	ENSG00000170689.11	ensembl_havana	protein_coding	17	48621156	48626576	-	ENST00001142771	1	ENST00001142771.1	HOXB9-202	ensembl_havana	protein_coding	48621156	48626576	5421	ENSP00000806053	1	ENSP00000806053.1	2	750	48626268	48624584.5	48622901	48626268	48624584.5	48622901	48624584.5	explicit_start_codon	explicit_stop_codon	FALSE	FALSE	FALSE	2	2	2	FALSE	FALSE	0					FALSE	greatest_genomic_span_with_usable_CDS_and_strand;ties_Ensembl_canonical_then_transcript_id	explicit_codon_middle_when_complete_else_terminal_CDS_positional_proxy_in_transcription_order	arithmetic_genomic_midpoint_between_codon_centers	source_gene_symbol	Hox family and number parsed from the Ensembl GTF gene_name.	FALSE		https://ftp.ensembl.org/pub/release-116/gtf/homo_sapiens/Homo_sapiens.GRCh38.116.chr.gtf.gz	Homo_sapiens.GRCh38.116.chr.gtf.gz	f101fe4b1a350deaf26ab04bb565ba3e638e467fdc14c5c20b989b03edc87e05
human	human	Human	Homo sapiens	GRCh38	GCA_000001405.29	Ensembl	116	human	B	B	B	B	B	8	8	Hox8	Hox8	HOXB8	ENSG00000120068	8	ENSG00000120068.8	ensembl_havana	protein_coding	17	48611377	48618003	-	ENST00000884865	2	ENST00000884865.2	HOXB8-204	havana_tagene	protein_coding	48612346	48618003	5658	ENSP00000554924	1	ENSP00000554924.1	2	729	48614703	48613953	48613203	48614703	48613953	48613203	48613953	explicit_start_codon	explicit_stop_codon	FALSE	FALSE	FALSE	5	5	5	FALSE	FALSE	0					FALSE	greatest_genomic_span_with_usable_CDS_and_strand;ties_Ensembl_canonical_then_transcript_id	explicit_codon_middle_when_complete_else_terminal_CDS_positional_proxy_in_transcription_order	arithmetic_genomic_midpoint_between_codon_centers	source_gene_symbol	Hox family and number parsed from the Ensembl GTF gene_name.	FALSE		https://ftp.ensembl.org/pub/release-116/gtf/homo_sapiens/Homo_sapiens.GRCh38.116.chr.gtf.gz	Homo_sapiens.GRCh38.116.chr.gtf.gz	f101fe4b1a350deaf26ab04bb565ba3e638e467fdc14c5c20b989b03edc87e05
human	human	Human	Homo sapiens	GRCh38	GCA_000001405.29	Ensembl	116	human	B	B	B	B	B	7	9	Hox7	Hox7	HOXB7	ENSG00000260027	6	ENSG00000260027.6	ensembl_havana	protein_coding	17	48607222	48633572	-	ENST00001137302	1	ENST00001137302.1	HOXB7-204	ensembl_havana	protein_coding	48607222	48611023	3802	ENSP00000802200	1	ENSP00000802200.1	2	651	48610917	48609380	48607843	48610917	48609380	48607843	48609380	explicit_start_codon	explicit_stop_codon	FALSE	FALSE	FALSE	2	2	2	FALSE	FALSE	0					FALSE	greatest_genomic_span_with_usable_CDS_and_strand;ties_Ensembl_canonical_then_transcript_id	explicit_codon_middle_when_complete_else_terminal_CDS_positional_proxy_in_transcription_order	arithmetic_genomic_midpoint_between_codon_centers	source_gene_symbol	Hox family and number parsed from the Ensembl GTF gene_name.	FALSE		https://ftp.ensembl.org/pub/release-116/gtf/homo_sapiens/Homo_sapiens.GRCh38.116.chr.gtf.gz	Homo_sapiens.GRCh38.116.chr.gtf.gz	f101fe4b1a350deaf26ab04bb565ba3e638e467fdc14c5c20b989b03edc87e05
human	human	Human	Homo sapiens	GRCh38	GCA_000001405.29	Ensembl	116	human	B	B	B	B	B	6	10	Hox6	Hox6	HOXB6	ENSG00000108511	12	ENSG00000108511.12	ensembl_havana	protein_coding	17	48595525	48605011	-	ENST00000484302	4	ENST00000484302.4	HOXB6-203	havana	protein_coding	48595525	48605011	9487	ENSP00000420009	2	ENSP00000420009.2	2	672	48598149	48597281.5	48596414	48598149	48597281.5	48596414	48597281.5	explicit_start_codon	explicit_stop_codon	FALSE	FALSE	FALSE	9	9	9	FALSE	FALSE	0					FALSE	greatest_genomic_span_with_usable_CDS_and_strand;ties_Ensembl_canonical_then_transcript_id	explicit_codon_middle_when_complete_else_terminal_CDS_positional_proxy_in_transcription_order	arithmetic_genomic_midpoint_between_codon_centers	source_gene_symbol	Hox family and number parsed from the Ensembl GTF gene_name.	FALSE		https://ftp.ensembl.org/pub/release-116/gtf/homo_sapiens/Homo_sapiens.GRCh38.116.chr.gtf.gz	Homo_sapiens.GRCh38.116.chr.gtf.gz	f101fe4b1a350deaf26ab04bb565ba3e638e467fdc14c5c20b989b03edc87e05
human	human	Human	Homo sapiens	GRCh38	GCA_000001405.29	Ensembl	116	human	B	B	B	B	B	5	11	Hox5	Hox5	HOXB5	ENSG00000120075	7	ENSG00000120075.7	ensembl_havana	protein_coding	17	48591257	48594179	-	ENST00001143579	1	ENST00001143579.1	HOXB5-202	ensembl_havana	protein_coding	48591257	48594179	2923	ENSP00000802199	1	ENSP00000802199.1	2	807	48593681	48592945.5	48592210	48593681	48592945.5	48592210	48592945.5	explicit_start_codon	explicit_stop_codon	FALSE	FALSE	FALSE	2	2	2	FALSE	FALSE	0					FALSE	greatest_genomic_span_with_usable_CDS_and_strand;ties_Ensembl_canonical_then_transcript_id	explicit_codon_middle_when_complete_else_terminal_CDS_positional_proxy_in_transcription_order	arithmetic_genomic_midpoint_between_codon_centers	source_gene_symbol	Hox family and number parsed from the Ensembl GTF gene_name.	FALSE		https://ftp.ensembl.org/pub/release-116/gtf/homo_sapiens/Homo_sapiens.GRCh38.116.chr.gtf.gz	Homo_sapiens.GRCh38.116.chr.gtf.gz	f101fe4b1a350deaf26ab04bb565ba3e638e467fdc14c5c20b989b03edc87e05
human	human	Human	Homo sapiens	GRCh38	GCA_000001405.29	Ensembl	116	human	B	B	B	B	B	4	12	Hox4	Hox4	HOXB4	ENSG00000182742	7	ENSG00000182742.7	ensembl_havana	protein_coding	17	48575507	48578429	-	ENST00001143498	1	ENST00001143498.1	HOXB4-202	ensembl_havana	protein_coding	48575507	48578429	2923	ENSP00000807177	1	ENSP00000807177.1	2	753	48578318	48577520.5	48576723	48578318	48577520.5	48576723	48577520.5	explicit_start_codon	explicit_stop_codon	FALSE	FALSE	FALSE	2	2	2	FALSE	FALSE	0					FALSE	greatest_genomic_span_with_usable_CDS_and_strand;ties_Ensembl_canonical_then_transcript_id	explicit_codon_middle_when_complete_else_terminal_CDS_positional_proxy_in_transcription_order	arithmetic_genomic_midpoint_between_codon_centers	source_gene_symbol	Hox family and number parsed from the Ensembl GTF gene_name.	FALSE		https://ftp.ensembl.org/pub/release-116/gtf/homo_sapiens/Homo_sapiens.GRCh38.116.chr.gtf.gz	Homo_sapiens.GRCh38.116.chr.gtf.gz	f101fe4b1a350deaf26ab04bb565ba3e638e467fdc14c5c20b989b03edc87e05
human	human	Human	Homo sapiens	GRCh38	GCA_000001405.29	Ensembl	116	human	B	B	B	B	B	3	13	Hox3	Hox3	HOXB3	ENSG00000120093	13	ENSG00000120093.13	ensembl_havana	protein_coding	17	48548870	48604912	-	ENST00000866120	2	ENST00000866120.2	HOXB3-214	havana_tagene	protein_coding	48548870	48590274	41405	ENSP00000536179	1	ENSP00000536179.1	2	1293	48552473	48551404	48550335	48552473	48551404	48550335	48551404	explicit_start_codon	explicit_stop_codon	FALSE	FALSE	FALSE	15	15	15	FALSE	FALSE	0					FALSE	greatest_genomic_span_with_usable_CDS_and_strand;ties_Ensembl_canonical_then_transcript_id	explicit_codon_middle_when_complete_else_terminal_CDS_positional_proxy_in_transcription_order	arithmetic_genomic_midpoint_between_codon_centers	source_gene_symbol	Hox family and number parsed from the Ensembl GTF gene_name.	FALSE		https://ftp.ensembl.org/pub/release-116/gtf/homo_sapiens/Homo_sapiens.GRCh38.116.chr.gtf.gz	Homo_sapiens.GRCh38.116.chr.gtf.gz	f101fe4b1a350deaf26ab04bb565ba3e638e467fdc14c5c20b989b03edc87e05
human	human	Human	Homo sapiens	GRCh38	GCA_000001405.29	Ensembl	116	human	B	B	B	B	B	2	14	Hox2	Hox2	HOXB2	ENSG00000173917	12	ENSG00000173917.12	ensembl_havana	protein_coding	17	48540894	48545115	-	ENST00001136010	1	ENST00001136010.1	HOXB2-204	ensembl_havana	protein_coding	48542655	48545115	2461	ENSP00000807325	1	ENSP00000807325.1	2	1068	48544910	48543989.5	48543069	48544910	48543989.5	48543069	48543989.5	explicit_start_codon	explicit_stop_codon	FALSE	FALSE	FALSE	2	2	2	FALSE	FALSE	0					FALSE	greatest_genomic_span_with_usable_CDS_and_strand;ties_Ensembl_canonical_then_transcript_id	explicit_codon_middle_when_complete_else_terminal_CDS_positional_proxy_in_transcription_order	arithmetic_genomic_midpoint_between_codon_centers	source_gene_symbol	Hox family and number parsed from the Ensembl GTF gene_name.	FALSE		https://ftp.ensembl.org/pub/release-116/gtf/homo_sapiens/Homo_sapiens.GRCh38.116.chr.gtf.gz	Homo_sapiens.GRCh38.116.chr.gtf.gz	f101fe4b1a350deaf26ab04bb565ba3e638e467fdc14c5c20b989b03edc87e05
human	human	Human	Homo sapiens	GRCh38	GCA_000001405.29	Ensembl	116	human	B	B	B	B	B	1	15	Hox1	Hox1	HOXB1	ENSG00000120094	9	ENSG00000120094.9	ensembl_havana	protein_coding	17	48528526	48531011	-	ENST00000239174	7	ENST00000239174.7	HOXB1-201	ensembl_havana	protein_coding	48528526	48531011	2486	ENSP00000355140	5	ENSP00000355140.5	2	903	48530903	48530225.5	48529548	48530903	48530225.5	48529548	48530225.5	explicit_start_codon	explicit_stop_codon	FALSE	FALSE	FALSE	2	2	2	FALSE	FALSE	0					TRUE	greatest_genomic_span_with_usable_CDS_and_strand;ties_Ensembl_canonical_then_transcript_id	explicit_codon_middle_when_complete_else_terminal_CDS_positional_proxy_in_transcription_order	arithmetic_genomic_midpoint_between_codon_centers	source_gene_symbol	Hox family and number parsed from the Ensembl GTF gene_name.	FALSE		https://ftp.ensembl.org/pub/release-116/gtf/homo_sapiens/Homo_sapiens.GRCh38.116.chr.gtf.gz	Homo_sapiens.GRCh38.116.chr.gtf.gz	f101fe4b1a350deaf26ab04bb565ba3e638e467fdc14c5c20b989b03edc87e05
human	human	Human	Homo sapiens	GRCh38	GCA_000001405.29	Ensembl	116	human	C	C	C	C	C	13	3	Hox13	Hox13	HOXC13	ENSG00000123364	6	ENSG00000123364.6	ensembl_havana	protein_coding	12	53938718	53946544	+	ENST00001142801	1	ENST00001142801.1	HOXC13-202	ensembl_havana	protein_coding	53938718	53946544	7827	ENSP00000802304	1	ENSP00000802304.1	2	990	53938908	53942081.5	53945255	53938908	53942081.5	53945255	53942081.5	explicit_start_codon	explicit_stop_codon	FALSE	FALSE	FALSE	2	2	2	FALSE	FALSE	0					FALSE	greatest_genomic_span_with_usable_CDS_and_strand;ties_Ensembl_canonical_then_transcript_id	explicit_codon_middle_when_complete_else_terminal_CDS_positional_proxy_in_transcription_order	arithmetic_genomic_midpoint_between_codon_centers	source_gene_symbol	Hox family and number parsed from the Ensembl GTF gene_name.	FALSE		https://ftp.ensembl.org/pub/release-116/gtf/homo_sapiens/Homo_sapiens.GRCh38.116.chr.gtf.gz	Homo_sapiens.GRCh38.116.chr.gtf.gz	f101fe4b1a350deaf26ab04bb565ba3e638e467fdc14c5c20b989b03edc87e05
human	human	Human	Homo sapiens	GRCh38	GCA_000001405.29	Ensembl	116	human	C	C	C	C	C	12	4	Hox12	Hox12	HOXC12	ENSG00000123407	4	ENSG00000123407.4	ensembl_havana	protein_coding	12	53954903	53958956	+	ENST00000243103	4	ENST00000243103.4	HOXC12-201	ensembl_havana	protein_coding	53954903	53958956	4054	ENSP00000243103	3	ENSP00000243103.3	2	846	53954931	53955748	53956565	53954931	53955748	53956565	53955748	explicit_start_codon	explicit_stop_codon	FALSE	FALSE	FALSE	1	1	1	FALSE	FALSE	0					TRUE	greatest_genomic_span_with_usable_CDS_and_strand;ties_Ensembl_canonical_then_transcript_id	explicit_codon_middle_when_complete_else_terminal_CDS_positional_proxy_in_transcription_order	arithmetic_genomic_midpoint_between_codon_centers	source_gene_symbol	Hox family and number parsed from the Ensembl GTF gene_name.	FALSE		https://ftp.ensembl.org/pub/release-116/gtf/homo_sapiens/Homo_sapiens.GRCh38.116.chr.gtf.gz	Homo_sapiens.GRCh38.116.chr.gtf.gz	f101fe4b1a350deaf26ab04bb565ba3e638e467fdc14c5c20b989b03edc87e05
human	human	Human	Homo sapiens	GRCh38	GCA_000001405.29	Ensembl	116	human	C	C	C	C	C	11	5	Hox11	Hox11	HOXC11	ENSG00000123388	4	ENSG00000123388.4	ensembl_havana	protein_coding	12	53973126	53977643	+	ENST00000546378	1	ENST00000546378.1	HOXC11-202	ensembl_havana	protein_coding	53973126	53977643	4518	ENSP00000446680	1	ENSP00000446680.1	2	912	53973243	53974327.5	53975412	53973243	53974327.5	53975412	53974327.5	explicit_start_codon	explicit_stop_codon	FALSE	FALSE	FALSE	2	2	2	FALSE	FALSE	0					TRUE	greatest_genomic_span_with_usable_CDS_and_strand;ties_Ensembl_canonical_then_transcript_id	explicit_codon_middle_when_complete_else_terminal_CDS_positional_proxy_in_transcription_order	arithmetic_genomic_midpoint_between_codon_centers	source_gene_symbol	Hox family and number parsed from the Ensembl GTF gene_name.	FALSE		https://ftp.ensembl.org/pub/release-116/gtf/homo_sapiens/Homo_sapiens.GRCh38.116.chr.gtf.gz	Homo_sapiens.GRCh38.116.chr.gtf.gz	f101fe4b1a350deaf26ab04bb565ba3e638e467fdc14c5c20b989b03edc87e05
human	human	Human	Homo sapiens	GRCh38	GCA_000001405.29	Ensembl	116	human	C	C	C	C	C	10	6	Hox10	Hox10	HOXC10	ENSG00000180818	6	ENSG00000180818.6	ensembl_havana	protein_coding	12	53985065	53990279	+	ENST00001125459	1	ENST00001125459.1	HOXC10-206	havana_tagene	protein_coding	53985140	53990279	5140	ENSP00000795264	1	ENSP00000795264.1	2	825	53985261	53987253.5	53989246	53985261	53987253.5	53989246	53987253.5	explicit_start_codon	explicit_stop_codon	FALSE	FALSE	FALSE	4	4	4	FALSE	FALSE	0					FALSE	greatest_genomic_span_with_usable_CDS_and_strand;ties_Ensembl_canonical_then_transcript_id	explicit_codon_middle_when_complete_else_terminal_CDS_positional_proxy_in_transcription_order	arithmetic_genomic_midpoint_between_codon_centers	source_gene_symbol	Hox family and number parsed from the Ensembl GTF gene_name.	FALSE		https://ftp.ensembl.org/pub/release-116/gtf/homo_sapiens/Homo_sapiens.GRCh38.116.chr.gtf.gz	Homo_sapiens.GRCh38.116.chr.gtf.gz	f101fe4b1a350deaf26ab04bb565ba3e638e467fdc14c5c20b989b03edc87e05
human	human	Human	Homo sapiens	GRCh38	GCA_000001405.29	Ensembl	116	human	C	C	C	C	C	9	7	Hox9	Hox9	HOXC9	ENSG00000180806	6	ENSG00000180806.6	ensembl_havana	protein_coding	12	53994895	54003337	+	ENST00000508190	2	ENST00000508190.2	HOXC9-203	havana	protein_coding	53995509	54003337	7829	ENSP00000423861	1	ENSP00000423861.1	2	780	54000190	54001431.5	54002673	54000190	54001431.5	54002673	54001431.5	explicit_start_codon	explicit_stop_codon	FALSE	FALSE	FALSE	3	3	3	FALSE	FALSE	0					FALSE	greatest_genomic_span_with_usable_CDS_and_strand;ties_Ensembl_canonical_then_transcript_id	explicit_codon_middle_when_complete_else_terminal_CDS_positional_proxy_in_transcription_order	arithmetic_genomic_midpoint_between_codon_centers	source_gene_symbol	Hox family and number parsed from the Ensembl GTF gene_name.	FALSE		https://ftp.ensembl.org/pub/release-116/gtf/homo_sapiens/Homo_sapiens.GRCh38.116.chr.gtf.gz	Homo_sapiens.GRCh38.116.chr.gtf.gz	f101fe4b1a350deaf26ab04bb565ba3e638e467fdc14c5c20b989b03edc87e05
human	human	Human	Homo sapiens	GRCh38	GCA_000001405.29	Ensembl	116	human	C	C	C	C	C	8	8	Hox8	Hox8	HOXC8	ENSG00000037965	7	ENSG00000037965.7	ensembl_havana	protein_coding	12	54008911	54012769	+	ENST00001141970	1	ENST00001141970.1	HOXC8-202	ensembl_havana	protein_coding	54008911	54012769	3859	ENSP00000801260	1	ENSP00000801260.1	2	726	54009286	54010333	54011380	54009286	54010333	54011380	54010333	explicit_start_codon	explicit_stop_codon	FALSE	FALSE	FALSE	2	2	2	FALSE	FALSE	0					FALSE	greatest_genomic_span_with_usable_CDS_and_strand;ties_Ensembl_canonical_then_transcript_id	explicit_codon_middle_when_complete_else_terminal_CDS_positional_proxy_in_transcription_order	arithmetic_genomic_midpoint_between_codon_centers	source_gene_symbol	Hox family and number parsed from the Ensembl GTF gene_name.	FALSE		https://ftp.ensembl.org/pub/release-116/gtf/homo_sapiens/Homo_sapiens.GRCh38.116.chr.gtf.gz	Homo_sapiens.GRCh38.116.chr.gtf.gz	f101fe4b1a350deaf26ab04bb565ba3e638e467fdc14c5c20b989b03edc87e05
human	human	Human	Homo sapiens	GRCh38	GCA_000001405.29	Ensembl	116	human	C	C	C	C	C	6	10	Hox6	Hox6	HOXC6	ENSG00000197757	9	ENSG00000197757.9	ensembl_havana	protein_coding	12	53990624	54030823	+	ENST00000504315	1	ENST00000504315.1	HOXC6-203	havana	protein_coding	53990624	54028922	38299	ENSP00000424124	1	ENSP00000424124.1	1	155	54028769	54028845	54028921	54028769	54028845	54028921	54028845	explicit_start_codon	terminal_CDS_positional_proxy	FALSE	TRUE	TRUE	5	5	5	FALSE	FALSE	0					FALSE	greatest_genomic_span_with_usable_CDS_and_strand;ties_Ensembl_canonical_then_transcript_id	explicit_codon_middle_when_complete_else_terminal_CDS_positional_proxy_in_transcription_order	arithmetic_genomic_midpoint_between_codon_centers	source_gene_symbol	Hox family and number parsed from the Ensembl GTF gene_name.	FALSE		https://ftp.ensembl.org/pub/release-116/gtf/homo_sapiens/Homo_sapiens.GRCh38.116.chr.gtf.gz	Homo_sapiens.GRCh38.116.chr.gtf.gz	f101fe4b1a350deaf26ab04bb565ba3e638e467fdc14c5c20b989b03edc87e05
human	human	Human	Homo sapiens	GRCh38	GCA_000001405.29	Ensembl	116	human	C	C	C	C	C	5	11	Hox5	Hox5	HOXC5	ENSG00000172789	5	ENSG00000172789.5	ensembl_havana	protein_coding	12	54033048	54035361	+	ENST00001142737	1	ENST00001142737.1	HOXC5-202	ensembl_havana	protein_coding	54033048	54035361	2314	ENSP00000806046	1	ENSP00000806046.1	2	666	54033124	54033807.5	54034491	54033124	54033807.5	54034491	54033807.5	explicit_start_codon	explicit_stop_codon	FALSE	FALSE	FALSE	2	2	2	FALSE	FALSE	0					FALSE	greatest_genomic_span_with_usable_CDS_and_strand;ties_Ensembl_canonical_then_transcript_id	explicit_codon_middle_when_complete_else_terminal_CDS_positional_proxy_in_transcription_order	arithmetic_genomic_midpoint_between_codon_centers	source_gene_symbol	Hox family and number parsed from the Ensembl GTF gene_name.	FALSE		https://ftp.ensembl.org/pub/release-116/gtf/homo_sapiens/Homo_sapiens.GRCh38.116.chr.gtf.gz	Homo_sapiens.GRCh38.116.chr.gtf.gz	f101fe4b1a350deaf26ab04bb565ba3e638e467fdc14c5c20b989b03edc87e05
human	human	Human	Homo sapiens	GRCh38	GCA_000001405.29	Ensembl	116	human	C	C	C	C	C	4	12	Hox4	Hox4	HOXC4	ENSG00000198353	9	ENSG00000198353.9	ensembl_havana	protein_coding	12	54015897	54056030	+	ENST00000303406	5	ENST00000303406.5	HOXC4-201	ensembl_havana	protein_coding	54015897	54056030	40134	ENSP00000305973	4	ENSP00000305973.4	2	792	54053924	54054564	54055204	54053924	54054564	54055204	54054564	explicit_start_codon	explicit_stop_codon	FALSE	FALSE	FALSE	3	3	3	FALSE	FALSE	0					FALSE	greatest_genomic_span_with_usable_CDS_and_strand;ties_Ensembl_canonical_then_transcript_id	explicit_codon_middle_when_complete_else_terminal_CDS_positional_proxy_in_transcription_order	arithmetic_genomic_midpoint_between_codon_centers	source_gene_symbol	Hox family and number parsed from the Ensembl GTF gene_name.	FALSE		https://ftp.ensembl.org/pub/release-116/gtf/homo_sapiens/Homo_sapiens.GRCh38.116.chr.gtf.gz	Homo_sapiens.GRCh38.116.chr.gtf.gz	f101fe4b1a350deaf26ab04bb565ba3e638e467fdc14c5c20b989b03edc87e05
human	human	Human	Homo sapiens	GRCh38	GCA_000001405.29	Ensembl	116	human	D	D	D	D	D	13	3	Hox13	Hox13	HOXD13	ENSG00000128714	7	ENSG00000128714.7	ensembl_havana	protein_coding	2	176092690	176096240	+	ENST00001144981	1	ENST00001144981.1	HOXD13-202	ensembl_havana	protein_coding	176092690	176096240	3551	ENSP00000811539	1	ENSP00000811539.1	2	1029	176092892	176093810.5	176094729	176092892	176093810.5	176094729	176093810.5	explicit_start_codon	explicit_stop_codon	FALSE	FALSE	FALSE	2	2	2	FALSE	FALSE	0					FALSE	greatest_genomic_span_with_usable_CDS_and_strand;ties_Ensembl_canonical_then_transcript_id	explicit_codon_middle_when_complete_else_terminal_CDS_positional_proxy_in_transcription_order	arithmetic_genomic_midpoint_between_codon_centers	source_gene_symbol	Hox family and number parsed from the Ensembl GTF gene_name.	FALSE		https://ftp.ensembl.org/pub/release-116/gtf/homo_sapiens/Homo_sapiens.GRCh38.116.chr.gtf.gz	Homo_sapiens.GRCh38.116.chr.gtf.gz	f101fe4b1a350deaf26ab04bb565ba3e638e467fdc14c5c20b989b03edc87e05
human	human	Human	Homo sapiens	GRCh38	GCA_000001405.29	Ensembl	116	human	D	D	D	D	D	12	4	Hox12	Hox12	HOXD12	ENSG00000170178	7	ENSG00000170178.7	ensembl_havana	protein_coding	2	176099795	176102489	+	ENST00000406506	4	ENST00000406506.4	HOXD12-202	ensembl_havana	protein_coding	176099795	176102489	2695	ENSP00000385586	2	ENSP00000385586.2	2	810	176099803	176100281	176100759	176099803	176100281	176100759	176100281	explicit_start_codon	explicit_stop_codon	FALSE	FALSE	FALSE	2	2	2	FALSE	FALSE	0					TRUE	greatest_genomic_span_with_usable_CDS_and_strand;ties_Ensembl_canonical_then_transcript_id	explicit_codon_middle_when_complete_else_terminal_CDS_positional_proxy_in_transcription_order	arithmetic_genomic_midpoint_between_codon_centers	source_gene_symbol	Hox family and number parsed from the Ensembl GTF gene_name.	FALSE		https://ftp.ensembl.org/pub/release-116/gtf/homo_sapiens/Homo_sapiens.GRCh38.116.chr.gtf.gz	Homo_sapiens.GRCh38.116.chr.gtf.gz	f101fe4b1a350deaf26ab04bb565ba3e638e467fdc14c5c20b989b03edc87e05
human	human	Human	Homo sapiens	GRCh38	GCA_000001405.29	Ensembl	116	human	D	D	D	D	D	11	5	Hox11	Hox11	HOXD11	ENSG00000128713	15	ENSG00000128713.15	ensembl_havana	protein_coding	2	176104216	176109754	+	ENST00001140783	1	ENST00001140783.1	HOXD11-203	ensembl_havana	protein_coding	176105471	176109754	4284	ENSP00000802503	1	ENSP00000802503.1	2	1014	176107357	176108249	176109141	176107357	176108249	176109141	176108249	explicit_start_codon	explicit_stop_codon	FALSE	FALSE	FALSE	2	2	2	FALSE	FALSE	0					FALSE	greatest_genomic_span_with_usable_CDS_and_strand;ties_Ensembl_canonical_then_transcript_id	explicit_codon_middle_when_complete_else_terminal_CDS_positional_proxy_in_transcription_order	arithmetic_genomic_midpoint_between_codon_centers	source_gene_symbol	Hox family and number parsed from the Ensembl GTF gene_name.	FALSE		https://ftp.ensembl.org/pub/release-116/gtf/homo_sapiens/Homo_sapiens.GRCh38.116.chr.gtf.gz	Homo_sapiens.GRCh38.116.chr.gtf.gz	f101fe4b1a350deaf26ab04bb565ba3e638e467fdc14c5c20b989b03edc87e05
human	human	Human	Homo sapiens	GRCh38	GCA_000001405.29	Ensembl	116	human	D	D	D	D	D	10	6	Hox10	Hox10	HOXD10	ENSG00000128710	7	ENSG00000128710.7	ensembl_havana	protein_coding	2	176108790	176119937	+	ENST00001144475	1	ENST00001144475.1	HOXD10-204	ensembl_havana	protein_coding	176116772	176119937	3166	ENSP00000802502	1	ENSP00000802502.1	2	1020	176116835	176118032.5	176119230	176116835	176118032.5	176119230	176118032.5	explicit_start_codon	explicit_stop_codon	FALSE	FALSE	FALSE	2	2	2	FALSE	FALSE	0					FALSE	greatest_genomic_span_with_usable_CDS_and_strand;ties_Ensembl_canonical_then_transcript_id	explicit_codon_middle_when_complete_else_terminal_CDS_positional_proxy_in_transcription_order	arithmetic_genomic_midpoint_between_codon_centers	source_gene_symbol	Hox family and number parsed from the Ensembl GTF gene_name.	FALSE		https://ftp.ensembl.org/pub/release-116/gtf/homo_sapiens/Homo_sapiens.GRCh38.116.chr.gtf.gz	Homo_sapiens.GRCh38.116.chr.gtf.gz	f101fe4b1a350deaf26ab04bb565ba3e638e467fdc14c5c20b989b03edc87e05
human	human	Human	Homo sapiens	GRCh38	GCA_000001405.29	Ensembl	116	human	D	D	D	D	D	9	7	Hox9	Hox9	HOXD9	ENSG00000128709	14	ENSG00000128709.14	ensembl_havana	protein_coding	2	176121229	176127570	+	ENST00001141605	1	ENST00001141605.1	HOXD9-202	ensembl_havana	protein_coding	176121229	176127570	6342	ENSP00000802501	1	ENSP00000802501.1	2	1056	176122770	176123472	176124174	176122770	176123472	176124174	176123472	explicit_start_codon	explicit_stop_codon	FALSE	FALSE	FALSE	2	2	2	FALSE	FALSE	0					FALSE	greatest_genomic_span_with_usable_CDS_and_strand;ties_Ensembl_canonical_then_transcript_id	explicit_codon_middle_when_complete_else_terminal_CDS_positional_proxy_in_transcription_order	arithmetic_genomic_midpoint_between_codon_centers	source_gene_symbol	Hox family and number parsed from the Ensembl GTF gene_name.	FALSE		https://ftp.ensembl.org/pub/release-116/gtf/homo_sapiens/Homo_sapiens.GRCh38.116.chr.gtf.gz	Homo_sapiens.GRCh38.116.chr.gtf.gz	f101fe4b1a350deaf26ab04bb565ba3e638e467fdc14c5c20b989b03edc87e05
human	human	Human	Homo sapiens	GRCh38	GCA_000001405.29	Ensembl	116	human	D	D	D	D	D	8	8	Hox8	Hox8	HOXD8	ENSG00000175879	10	ENSG00000175879.10	ensembl_havana	protein_coding	2	176129328	176132695	+	ENST00000429017	3	ENST00000429017.3	HOXD8-202	ensembl_havana	protein_coding	176129328	176132695	3368	ENSP00000406045	1	ENSP00000406045.1	2	318	176130920	176131265.5	176131611	176130920	176131265.5	176131611	176131265.5	explicit_start_codon	explicit_stop_codon	FALSE	FALSE	FALSE	5	5	5	FALSE	FALSE	0					FALSE	greatest_genomic_span_with_usable_CDS_and_strand;ties_Ensembl_canonical_then_transcript_id	explicit_codon_middle_when_complete_else_terminal_CDS_positional_proxy_in_transcription_order	arithmetic_genomic_midpoint_between_codon_centers	source_gene_symbol	Hox family and number parsed from the Ensembl GTF gene_name.	FALSE		https://ftp.ensembl.org/pub/release-116/gtf/homo_sapiens/Homo_sapiens.GRCh38.116.chr.gtf.gz	Homo_sapiens.GRCh38.116.chr.gtf.gz	f101fe4b1a350deaf26ab04bb565ba3e638e467fdc14c5c20b989b03edc87e05
human	human	Human	Homo sapiens	GRCh38	GCA_000001405.29	Ensembl	116	human	D	D	D	D	D	4	12	Hox4	Hox4	HOXD4	ENSG00000170166	7	ENSG00000170166.7	ensembl_havana	protein_coding	2	176151545	176156078	+	ENST00001121748	1	ENST00001121748.1	HOXD4-202	havana_tagene	protein_coding	176151545	176156078	4534	ENSP00000791553	1	ENSP00000791553.1	2	438	176151635	176152173	176152711	176151635	176152173	176152711	176152173	explicit_start_codon	explicit_stop_codon	FALSE	FALSE	FALSE	3	3	3	FALSE	FALSE	0					FALSE	greatest_genomic_span_with_usable_CDS_and_strand;ties_Ensembl_canonical_then_transcript_id	explicit_codon_middle_when_complete_else_terminal_CDS_positional_proxy_in_transcription_order	arithmetic_genomic_midpoint_between_codon_centers	source_gene_symbol	Hox family and number parsed from the Ensembl GTF gene_name.	FALSE		https://ftp.ensembl.org/pub/release-116/gtf/homo_sapiens/Homo_sapiens.GRCh38.116.chr.gtf.gz	Homo_sapiens.GRCh38.116.chr.gtf.gz	f101fe4b1a350deaf26ab04bb565ba3e638e467fdc14c5c20b989b03edc87e05
human	human	Human	Homo sapiens	GRCh38	GCA_000001405.29	Ensembl	116	human	D	D	D	D	D	3	13	Hox3	Hox3	HOXD3	ENSG00000128652	14	ENSG00000128652.14	ensembl_havana	protein_coding	2	176136078	176174483	+	ENST00000963805	2	ENST00000963805.2	HOXD3-209	havana_tagene	protein_coding	176136078	176174483	38406	ENSP00000633864	1	ENSP00000633864.1	2	1296	176169116	176170694.5	176172273	176169116	176170694.5	176172273	176170694.5	explicit_start_codon	explicit_stop_codon	FALSE	FALSE	FALSE	9	9	9	FALSE	FALSE	0					FALSE	greatest_genomic_span_with_usable_CDS_and_strand;ties_Ensembl_canonical_then_transcript_id	explicit_codon_middle_when_complete_else_terminal_CDS_positional_proxy_in_transcription_order	arithmetic_genomic_midpoint_between_codon_centers	source_gene_symbol	Hox family and number parsed from the Ensembl GTF gene_name.	FALSE		https://ftp.ensembl.org/pub/release-116/gtf/homo_sapiens/Homo_sapiens.GRCh38.116.chr.gtf.gz	Homo_sapiens.GRCh38.116.chr.gtf.gz	f101fe4b1a350deaf26ab04bb565ba3e638e467fdc14c5c20b989b03edc87e05
human	human	Human	Homo sapiens	GRCh38	GCA_000001405.29	Ensembl	116	human	D	D	D	D	D	1	15	Hox1	Hox1	HOXD1	ENSG00000128645	17	ENSG00000128645.17	ensembl_havana	protein_coding	2	176188659	176190926	+	ENST00001046781	1	ENST00001046781.1	HOXD1-203	havana_tagene	protein_coding	176188659	176190926	2268	ENSP00000716598	1	ENSP00000716598.1	3	810	176188803	176189318.5	176189834	176188803	176189318.5	176189834	176189318.5	explicit_start_codon	explicit_stop_codon	FALSE	FALSE	FALSE	4	4	4	FALSE	FALSE	0					FALSE	greatest_genomic_span_with_usable_CDS_and_strand;ties_Ensembl_canonical_then_transcript_id	explicit_codon_middle_when_complete_else_terminal_CDS_positional_proxy_in_transcription_order	arithmetic_genomic_midpoint_between_codon_centers	source_gene_symbol	Hox family and number parsed from the Ensembl GTF gene_name.	FALSE		https://ftp.ensembl.org/pub/release-116/gtf/homo_sapiens/Homo_sapiens.GRCh38.116.chr.gtf.gz	Homo_sapiens.GRCh38.116.chr.gtf.gz	f101fe4b1a350deaf26ab04bb565ba3e638e467fdc14c5c20b989b03edc87e05
mouse	mouse	Mouse	Mus musculus	GRCm39	GCA_000001635.9	Ensembl	116	mouse	A	A	A	A	A	13	3	Hox13	Hox13	Hoxa13	ENSMUSG00000038203	24	ENSMUSG00000038203.24	ensembl_havana	protein_coding	6	52234602	52237822	-	ENSMUST00000147595	8	ENSMUST00000147595.8	Hoxa13-201	havana	protein_coding	52234602	52237822	3221	ENSMUSP00000125221	7	ENSMUSP00000125221.7	2	1158	52237758	52236821.5	52235885	52237758	52236821.5	52235885	52236821.5	explicit_start_codon	explicit_stop_codon	FALSE	FALSE	FALSE	1	1	1	FALSE	FALSE	0					TRUE	greatest_genomic_span_with_usable_CDS_and_strand;ties_Ensembl_canonical_then_transcript_id	explicit_codon_middle_when_complete_else_terminal_CDS_positional_proxy_in_transcription_order	arithmetic_genomic_midpoint_between_codon_centers	source_gene_symbol	Hox family and number parsed from the Ensembl GTF gene_name.	FALSE		https://ftp.ensembl.org/pub/release-116/gtf/mus_musculus/Mus_musculus.GRCm39.116.chr.gtf.gz	Mus_musculus.GRCm39.116.chr.gtf.gz	b13bd6454a48c38d533e8df31e4f807d0ac93d1b23322921703b971e68cbe88f
mouse	mouse	Mouse	Mus musculus	GRCm39	GCA_000001635.9	Ensembl	116	mouse	A	A	A	A	A	11	5	Hox11	Hox11	Hoxa11	ENSMUSG00000038210	12	ENSMUSG00000038210.12	ensembl_havana	protein_coding	6	52219074	52222806	-	ENSMUST00000048026	11	ENSMUST00000048026.11	Hoxa11-201	ensembl_havana	protein_coding	52219074	52222806	3733	ENSMUSP00000040920	9	ENSMUSP00000040920.9	2	939	52222698	52221519.5	52220341	52222698	52221519.5	52220341	52221519.5	explicit_start_codon	explicit_stop_codon	FALSE	FALSE	FALSE	1	1	1	FALSE	FALSE	0					TRUE	greatest_genomic_span_with_usable_CDS_and_strand;ties_Ensembl_canonical_then_transcript_id	explicit_codon_middle_when_complete_else_terminal_CDS_positional_proxy_in_transcription_order	arithmetic_genomic_midpoint_between_codon_centers	source_gene_symbol	Hox family and number parsed from the Ensembl GTF gene_name.	FALSE		https://ftp.ensembl.org/pub/release-116/gtf/mus_musculus/Mus_musculus.GRCm39.116.chr.gtf.gz	Mus_musculus.GRCm39.116.chr.gtf.gz	b13bd6454a48c38d533e8df31e4f807d0ac93d1b23322921703b971e68cbe88f
mouse	mouse	Mouse	Mus musculus	GRCm39	GCA_000001635.9	Ensembl	116	mouse	A	A	A	A	A	10	6	Hox10	Hox10	Hoxa10	ENSMUSG00000000938	13	ENSMUSG00000000938.13	ensembl_havana	protein_coding	6	52208164	52217834	-	ENSMUST00000121043	3	ENSMUST00000121043.3	Hoxa10-201	ensembl_havana	protein_coding	52208164	52217834	9671	ENSMUSP00000112872	2	ENSMUSP00000112872.2	2	282	52217266	52213376.5	52209487	52217266	52213376.5	52209487	52213376.5	explicit_start_codon	explicit_stop_codon	FALSE	FALSE	FALSE	3	3	3	FALSE	FALSE	0					FALSE	greatest_genomic_span_with_usable_CDS_and_strand;ties_Ensembl_canonical_then_transcript_id	explicit_codon_middle_when_complete_else_terminal_CDS_positional_proxy_in_transcription_order	arithmetic_genomic_midpoint_between_codon_centers	source_gene_symbol	Hox family and number parsed from the Ensembl GTF gene_name.	FALSE		https://ftp.ensembl.org/pub/release-116/gtf/mus_musculus/Mus_musculus.GRCm39.116.chr.gtf.gz	Mus_musculus.GRCm39.116.chr.gtf.gz	b13bd6454a48c38d533e8df31e4f807d0ac93d1b23322921703b971e68cbe88f
mouse	mouse	Mouse	Mus musculus	GRCm39	GCA_000001635.9	Ensembl	116	mouse	A	A	A	A	A	9	7	Hox9	Hox9	Hoxa9	ENSMUSG00000038227	16	ENSMUSG00000038227.16	ensembl_havana	protein_coding	6	52200080	52208069	-	ENSMUST00000048680	8	ENSMUST00000048680.8	Hoxa9-201	ensembl_havana	protein_coding	52200080	52204350	4271	ENSMUSP00000046939	6	ENSMUSP00000046939.6	2	813	52203083	52202154	52201225	52203083	52202154	52201225	52202154	explicit_start_codon	explicit_stop_codon	FALSE	FALSE	FALSE	2	2	2	FALSE	FALSE	0					TRUE	greatest_genomic_span_with_usable_CDS_and_strand;ties_Ensembl_canonical_then_transcript_id	explicit_codon_middle_when_complete_else_terminal_CDS_positional_proxy_in_transcription_order	arithmetic_genomic_midpoint_between_codon_centers	source_gene_symbol	Hox family and number parsed from the Ensembl GTF gene_name.	FALSE		https://ftp.ensembl.org/pub/release-116/gtf/mus_musculus/Mus_musculus.GRCm39.116.chr.gtf.gz	Mus_musculus.GRCm39.116.chr.gtf.gz	b13bd6454a48c38d533e8df31e4f807d0ac93d1b23322921703b971e68cbe88f
mouse	mouse	Mouse	Mus musculus	GRCm39	GCA_000001635.9	Ensembl	116	mouse	A	A	A	A	A	7	9	Hox7	Hox7	Hoxa7	ENSMUSG00000038236	9	ENSMUSG00000038236.9	ensembl_havana	protein_coding	6	52191471	52198834	-	ENSMUST00000150041	4	ENSMUST00000150041.4	Hoxa7-204	havana	protein_coding	52192989	52198834	5846	ENSMUSP00000140519	2	ENSMUSP00000140519.2	2	232	52194218	52193604	52192990	52194218	52193604	52192990	52193604	explicit_start_codon	terminal_CDS_positional_proxy	FALSE	TRUE	TRUE	4	4	4	FALSE	FALSE	0					FALSE	greatest_genomic_span_with_usable_CDS_and_strand;ties_Ensembl_canonical_then_transcript_id	explicit_codon_middle_when_complete_else_terminal_CDS_positional_proxy_in_transcription_order	arithmetic_genomic_midpoint_between_codon_centers	source_gene_symbol	Hox family and number parsed from the Ensembl GTF gene_name.	FALSE		https://ftp.ensembl.org/pub/release-116/gtf/mus_musculus/Mus_musculus.GRCm39.116.chr.gtf.gz	Mus_musculus.GRCm39.116.chr.gtf.gz	b13bd6454a48c38d533e8df31e4f807d0ac93d1b23322921703b971e68cbe88f
mouse	mouse	Mouse	Mus musculus	GRCm39	GCA_000001635.9	Ensembl	116	mouse	A	A	A	A	A	6	10	Hox6	Hox6	Hoxa6	ENSMUSG00000043219	10	ENSMUSG00000043219.10	ensembl_havana	protein_coding	6	52183268	52185702	-	ENSMUST00000062829	9	ENSMUST00000062829.9	Hoxa6-201	ensembl_havana	protein_coding	52183268	52185702	2435	ENSMUSP00000058755	8	ENSMUSP00000058755.8	2	696	52185603	52184474.5	52183346	52185603	52184474.5	52183346	52184474.5	explicit_start_codon	explicit_stop_codon	FALSE	FALSE	FALSE	1	1	1	FALSE	FALSE	0					TRUE	greatest_genomic_span_with_usable_CDS_and_strand;ties_Ensembl_canonical_then_transcript_id	explicit_codon_middle_when_complete_else_terminal_CDS_positional_proxy_in_transcription_order	arithmetic_genomic_midpoint_between_codon_centers	source_gene_symbol	Hox family and number parsed from the Ensembl GTF gene_name.	FALSE		https://ftp.ensembl.org/pub/release-116/gtf/mus_musculus/Mus_musculus.GRCm39.116.chr.gtf.gz	Mus_musculus.GRCm39.116.chr.gtf.gz	b13bd6454a48c38d533e8df31e4f807d0ac93d1b23322921703b971e68cbe88f
mouse	mouse	Mouse	Mus musculus	GRCm39	GCA_000001635.9	Ensembl	116	mouse	A	A	A	A	A	5	11	Hox5	Hox5	Hoxa5	ENSMUSG00000038253	7	ENSMUSG00000038253.7	ensembl_havana	protein_coding	6	52178734	52181567	-	ENSMUST00000048794	7	ENSMUST00000048794.7	Hoxa5-201	ensembl_havana	protein_coding	52178734	52181567	2834	ENSMUSP00000039012	7	ENSMUSP00000039012.7	2	810	52181329	52180445.5	52179562	52181329	52180445.5	52179562	52180445.5	explicit_start_codon	explicit_stop_codon	FALSE	FALSE	FALSE	1	1	1	FALSE	FALSE	0					TRUE	greatest_genomic_span_with_usable_CDS_and_strand;ties_Ensembl_canonical_then_transcript_id	explicit_codon_middle_when_complete_else_terminal_CDS_positional_proxy_in_transcription_order	arithmetic_genomic_midpoint_between_codon_centers	source_gene_symbol	Hox family and number parsed from the Ensembl GTF gene_name.	FALSE		https://ftp.ensembl.org/pub/release-116/gtf/mus_musculus/Mus_musculus.GRCm39.116.chr.gtf.gz	Mus_musculus.GRCm39.116.chr.gtf.gz	b13bd6454a48c38d533e8df31e4f807d0ac93d1b23322921703b971e68cbe88f
mouse	mouse	Mouse	Mus musculus	GRCm39	GCA_000001635.9	Ensembl	116	mouse	A	A	A	A	A	4	12	Hox4	Hox4	Hoxa4	ENSMUSG00000000942	11	ENSMUSG00000000942.11	ensembl_havana	protein_coding	6	52166651	52168733	-	ENSMUST00000101395	3	ENSMUST00000101395.3	Hoxa4-201	ensembl_havana	protein_coding	52166651	52168733	2083	ENSMUSP00000098943	3	ENSMUSP00000098943.3	2	855	52168667	52167995	52167323	52168667	52167995	52167323	52167995	explicit_start_codon	explicit_stop_codon	FALSE	FALSE	FALSE	1	1	1	FALSE	FALSE	0					TRUE	greatest_genomic_span_with_usable_CDS_and_strand;ties_Ensembl_canonical_then_transcript_id	explicit_codon_middle_when_complete_else_terminal_CDS_positional_proxy_in_transcription_order	arithmetic_genomic_midpoint_between_codon_centers	source_gene_symbol	Hox family and number parsed from the Ensembl GTF gene_name.	FALSE		https://ftp.ensembl.org/pub/release-116/gtf/mus_musculus/Mus_musculus.GRCm39.116.chr.gtf.gz	Mus_musculus.GRCm39.116.chr.gtf.gz	b13bd6454a48c38d533e8df31e4f807d0ac93d1b23322921703b971e68cbe88f
mouse	mouse	Mouse	Mus musculus	GRCm39	GCA_000001635.9	Ensembl	116	mouse	A	A	A	A	A	3	13	Hox3	Hox3	Hoxa3	ENSMUSG00000079560	15	ENSMUSG00000079560.15	ensembl_havana	protein_coding	6	52146041	52190316	-	ENSMUST00000114434	10	ENSMUST00000114434.10	Hoxa3-201	ensembl_havana	protein_coding	52146041	52190095	44055	ENSMUSP00000110077	3	ENSMUSP00000110077.3	2	1329	52149628	52148274.5	52146921	52149628	52148274.5	52146921	52148274.5	explicit_start_codon	explicit_stop_codon	FALSE	FALSE	FALSE	5	5	5	FALSE	FALSE	0					TRUE	greatest_genomic_span_with_usable_CDS_and_strand;ties_Ensembl_canonical_then_transcript_id	explicit_codon_middle_when_complete_else_terminal_CDS_positional_proxy_in_transcription_order	arithmetic_genomic_midpoint_between_codon_centers	source_gene_symbol	Hox family and number parsed from the Ensembl GTF gene_name.	FALSE		https://ftp.ensembl.org/pub/release-116/gtf/mus_musculus/Mus_musculus.GRCm39.116.chr.gtf.gz	Mus_musculus.GRCm39.116.chr.gtf.gz	b13bd6454a48c38d533e8df31e4f807d0ac93d1b23322921703b971e68cbe88f
mouse	mouse	Mouse	Mus musculus	GRCm39	GCA_000001635.9	Ensembl	116	mouse	A	A	A	A	A	2	14	Hox2	Hox2	Hoxa2	ENSMUSG00000014704	12	ENSMUSG00000014704.12	ensembl_havana	protein_coding	6	52138599	52141811	-	ENSMUST00000014848	12	ENSMUST00000014848.12	Hoxa2-201	ensembl_havana	protein_coding	52138599	52141811	3213	ENSMUSP00000014848	9	ENSMUSP00000014848.9	2	1116	52141623	52140745	52139867	52141623	52140745	52139867	52140745	explicit_start_codon	explicit_stop_codon	FALSE	FALSE	FALSE	1	1	1	FALSE	FALSE	0					TRUE	greatest_genomic_span_with_usable_CDS_and_strand;ties_Ensembl_canonical_then_transcript_id	explicit_codon_middle_when_complete_else_terminal_CDS_positional_proxy_in_transcription_order	arithmetic_genomic_midpoint_between_codon_centers	source_gene_symbol	Hox family and number parsed from the Ensembl GTF gene_name.	FALSE		https://ftp.ensembl.org/pub/release-116/gtf/mus_musculus/Mus_musculus.GRCm39.116.chr.gtf.gz	Mus_musculus.GRCm39.116.chr.gtf.gz	b13bd6454a48c38d533e8df31e4f807d0ac93d1b23322921703b971e68cbe88f
mouse	mouse	Mouse	Mus musculus	GRCm39	GCA_000001635.9	Ensembl	116	mouse	A	A	A	A	A	1	15	Hox1	Hox1	Hoxa1	ENSMUSG00000029844	11	ENSMUSG00000029844.11	ensembl_havana	protein_coding	6	52132570	52135304	-	ENSMUST00000000964	7	ENSMUST00000000964.7	Hoxa1-201	ensembl_havana	protein_coding	52132570	52135304	2735	ENSMUSP00000000964	5	ENSMUSP00000000964.5	2	1008	52135200	52134457.5	52133715	52135200	52134457.5	52133715	52134457.5	explicit_start_codon	explicit_stop_codon	FALSE	FALSE	FALSE	2	2	2	FALSE	FALSE	0					TRUE	greatest_genomic_span_with_usable_CDS_and_strand;ties_Ensembl_canonical_then_transcript_id	explicit_codon_middle_when_complete_else_terminal_CDS_positional_proxy_in_transcription_order	arithmetic_genomic_midpoint_between_codon_centers	source_gene_symbol	Hox family and number parsed from the Ensembl GTF gene_name.	FALSE		https://ftp.ensembl.org/pub/release-116/gtf/mus_musculus/Mus_musculus.GRCm39.116.chr.gtf.gz	Mus_musculus.GRCm39.116.chr.gtf.gz	b13bd6454a48c38d533e8df31e4f807d0ac93d1b23322921703b971e68cbe88f
mouse	mouse	Mouse	Mus musculus	GRCm39	GCA_000001635.9	Ensembl	116	mouse	B	B	B	B	B	13	3	Hox13	Hox13	Hoxb13	ENSMUSG00000049604	5	ENSMUSG00000049604.5	ensembl_havana	protein_coding	11	96085106	96088273	+	ENSMUST00000062709	5	ENSMUST00000062709.5	Hoxb13-201	ensembl_havana	protein_coding	96085106	96088273	3168	ENSMUSP00000056315	4	ENSMUSP00000056315.4	2	858	96085270	96086162	96087054	96085270	96086162	96087054	96086162	explicit_start_codon	explicit_stop_codon	FALSE	FALSE	FALSE	1	1	1	FALSE	FALSE	0					TRUE	greatest_genomic_span_with_usable_CDS_and_strand;ties_Ensembl_canonical_then_transcript_id	explicit_codon_middle_when_complete_else_terminal_CDS_positional_proxy_in_transcription_order	arithmetic_genomic_midpoint_between_codon_centers	source_gene_symbol	Hox family and number parsed from the Ensembl GTF gene_name.	FALSE		https://ftp.ensembl.org/pub/release-116/gtf/mus_musculus/Mus_musculus.GRCm39.116.chr.gtf.gz	Mus_musculus.GRCm39.116.chr.gtf.gz	b13bd6454a48c38d533e8df31e4f807d0ac93d1b23322921703b971e68cbe88f
mouse	mouse	Mouse	Mus musculus	GRCm39	GCA_000001635.9	Ensembl	116	mouse	B	B	B	B	B	9	7	Hox9	Hox9	Hoxb9	ENSMUSG00000020875	11	ENSMUSG00000020875.11	ensembl_havana	protein_coding	11	96162150	96167421	+	ENSMUST00000000010	10	ENSMUST00000000010.10	Hoxb9-201	ensembl_havana	protein_coding	96162150	96167421	5272	ENSMUSP00000000010	9	ENSMUSP00000000010.9	2	750	96162369	96164026.5	96165684	96162369	96164026.5	96165684	96164026.5	explicit_start_codon	explicit_stop_codon	FALSE	FALSE	FALSE	2	2	2	FALSE	FALSE	0					TRUE	greatest_genomic_span_with_usable_CDS_and_strand;ties_Ensembl_canonical_then_transcript_id	explicit_codon_middle_when_complete_else_terminal_CDS_positional_proxy_in_transcription_order	arithmetic_genomic_midpoint_between_codon_centers	source_gene_symbol	Hox family and number parsed from the Ensembl GTF gene_name.	FALSE		https://ftp.ensembl.org/pub/release-116/gtf/mus_musculus/Mus_musculus.GRCm39.116.chr.gtf.gz	Mus_musculus.GRCm39.116.chr.gtf.gz	b13bd6454a48c38d533e8df31e4f807d0ac93d1b23322921703b971e68cbe88f
mouse	mouse	Mouse	Mus musculus	GRCm39	GCA_000001635.9	Ensembl	116	mouse	B	B	B	B	B	8	8	Hox8	Hox8	Hoxb8	ENSMUSG00000056648	8	ENSMUSG00000056648.8	ensembl_havana	protein_coding	11	96172731	96176160	+	ENSMUST00000438744	1	ENSMUST00000438744.1	Hoxb8-203	havana_tagene	protein_coding	96172731	96176160	3430	ENSMUSP00000217107	1	ENSMUSP00000217107.1	2	726	96173790	96174542.5	96175295	96173790	96174542.5	96175295	96174542.5	explicit_start_codon	explicit_stop_codon	FALSE	FALSE	FALSE	3	3	3	FALSE	FALSE	0					FALSE	greatest_genomic_span_with_usable_CDS_and_strand;ties_Ensembl_canonical_then_transcript_id	explicit_codon_middle_when_complete_else_terminal_CDS_positional_proxy_in_transcription_order	arithmetic_genomic_midpoint_between_codon_centers	source_gene_symbol	Hox family and number parsed from the Ensembl GTF gene_name.	FALSE		https://ftp.ensembl.org/pub/release-116/gtf/mus_musculus/Mus_musculus.GRCm39.116.chr.gtf.gz	Mus_musculus.GRCm39.116.chr.gtf.gz	b13bd6454a48c38d533e8df31e4f807d0ac93d1b23322921703b971e68cbe88f
mouse	mouse	Mouse	Mus musculus	GRCm39	GCA_000001635.9	Ensembl	116	mouse	B	B	B	B	B	7	9	Hox7	Hox7	Hoxb7	ENSMUSG00000038721	9	ENSMUSG00000038721.9	ensembl_havana	protein_coding	11	96177449	96180988	+	ENSMUST00000049352	8	ENSMUST00000049352.8	Hoxb7-201	ensembl_havana	protein_coding	96177449	96180988	3540	ENSMUSP00000040121	7	ENSMUSP00000040121.7	2	651	96177555	96179005	96180455	96177555	96179005	96180455	96179005	explicit_start_codon	explicit_stop_codon	FALSE	FALSE	FALSE	1	1	1	FALSE	FALSE	0					TRUE	greatest_genomic_span_with_usable_CDS_and_strand;ties_Ensembl_canonical_then_transcript_id	explicit_codon_middle_when_complete_else_terminal_CDS_positional_proxy_in_transcription_order	arithmetic_genomic_midpoint_between_codon_centers	source_gene_symbol	Hox family and number parsed from the Ensembl GTF gene_name.	FALSE		https://ftp.ensembl.org/pub/release-116/gtf/mus_musculus/Mus_musculus.GRCm39.116.chr.gtf.gz	Mus_musculus.GRCm39.116.chr.gtf.gz	b13bd6454a48c38d533e8df31e4f807d0ac93d1b23322921703b971e68cbe88f
mouse	mouse	Mouse	Mus musculus	GRCm39	GCA_000001635.9	Ensembl	116	mouse	B	B	B	B	B	6	10	Hox6	Hox6	Hoxb6	ENSMUSG00000000690	7	ENSMUSG00000000690.7	ensembl_havana	protein_coding	11	96183280	96192395	+	ENSMUST00000173432	4	ENSMUST00000173432.4	Hoxb6-202	havana	protein_coding	96183280	96192395	9116	ENSMUSP00000133281	2	ENSMUSP00000133281.2	2	672	96190004	96190878.5	96191753	96190004	96190878.5	96191753	96190878.5	explicit_start_codon	explicit_stop_codon	FALSE	FALSE	FALSE	3	3	3	FALSE	FALSE	0					FALSE	greatest_genomic_span_with_usable_CDS_and_strand;ties_Ensembl_canonical_then_transcript_id	explicit_codon_middle_when_complete_else_terminal_CDS_positional_proxy_in_transcription_order	arithmetic_genomic_midpoint_between_codon_centers	source_gene_symbol	Hox family and number parsed from the Ensembl GTF gene_name.	FALSE		https://ftp.ensembl.org/pub/release-116/gtf/mus_musculus/Mus_musculus.GRCm39.116.chr.gtf.gz	Mus_musculus.GRCm39.116.chr.gtf.gz	b13bd6454a48c38d533e8df31e4f807d0ac93d1b23322921703b971e68cbe88f
mouse	mouse	Mouse	Mus musculus	GRCm39	GCA_000001635.9	Ensembl	116	mouse	B	B	B	B	B	5	11	Hox5	Hox5	Hoxb5	ENSMUSG00000038700	5	ENSMUSG00000038700.5	ensembl_havana	protein_coding	11	96194162	96196947	+	ENSMUST00000049272	5	ENSMUST00000049272.5	Hoxb5-201	ensembl_havana	protein_coding	96194338	96196946	2609	ENSMUSP00000035423	4	ENSMUSP00000035423.4	2	807	96194441	96195201.5	96195962	96194441	96195201.5	96195962	96195201.5	explicit_start_codon	explicit_stop_codon	FALSE	FALSE	FALSE	1	1	1	FALSE	FALSE	0					TRUE	greatest_genomic_span_with_usable_CDS_and_strand;ties_Ensembl_canonical_then_transcript_id	explicit_codon_middle_when_complete_else_terminal_CDS_positional_proxy_in_transcription_order	arithmetic_genomic_midpoint_between_codon_centers	source_gene_symbol	Hox family and number parsed from the Ensembl GTF gene_name.	FALSE		https://ftp.ensembl.org/pub/release-116/gtf/mus_musculus/Mus_musculus.GRCm39.116.chr.gtf.gz	Mus_musculus.GRCm39.116.chr.gtf.gz	b13bd6454a48c38d533e8df31e4f807d0ac93d1b23322921703b971e68cbe88f
mouse	mouse	Mouse	Mus musculus	GRCm39	GCA_000001635.9	Ensembl	116	mouse	B	B	B	B	B	4	12	Hox4	Hox4	Hoxb4	ENSMUSG00000038692	9	ENSMUSG00000038692.9	ensembl_havana	protein_coding	11	96209093	96212464	+	ENSMUST00000049241	9	ENSMUST00000049241.9	Hoxb4-201	ensembl_havana	protein_coding	96209093	96212464	3372	ENSMUSP00000048002	8	ENSMUSP00000048002.8	2	750	96209597	96210375	96211153	96209597	96210375	96211153	96210375	explicit_start_codon	explicit_stop_codon	FALSE	FALSE	FALSE	1	1	1	FALSE	FALSE	0					TRUE	greatest_genomic_span_with_usable_CDS_and_strand;ties_Ensembl_canonical_then_transcript_id	explicit_codon_middle_when_complete_else_terminal_CDS_positional_proxy_in_transcription_order	arithmetic_genomic_midpoint_between_codon_centers	source_gene_symbol	Hox family and number parsed from the Ensembl GTF gene_name.	FALSE		https://ftp.ensembl.org/pub/release-116/gtf/mus_musculus/Mus_musculus.GRCm39.116.chr.gtf.gz	Mus_musculus.GRCm39.116.chr.gtf.gz	b13bd6454a48c38d533e8df31e4f807d0ac93d1b23322921703b971e68cbe88f
mouse	mouse	Mouse	Mus musculus	GRCm39	GCA_000001635.9	Ensembl	116	mouse	B	B	B	B	B	3	13	Hox3	Hox3	Hoxb3	ENSMUSG00000048763	13	ENSMUSG00000048763.13	ensembl_havana	protein_coding	11	96214152	96238756	+	ENSMUST00000093944	10	ENSMUST00000093944.10	Hoxb3-202	ensembl_havana	protein_coding	96214152	96238756	24605	ENSMUSP00000091476	4	ENSMUSP00000091476.4	2	1299	96235076	96236150	96237224	96235076	96236150	96237224	96236150	explicit_start_codon	explicit_stop_codon	FALSE	FALSE	FALSE	5	5	5	FALSE	FALSE	0					TRUE	greatest_genomic_span_with_usable_CDS_and_strand;ties_Ensembl_canonical_then_transcript_id	explicit_codon_middle_when_complete_else_terminal_CDS_positional_proxy_in_transcription_order	arithmetic_genomic_midpoint_between_codon_centers	source_gene_symbol	Hox family and number parsed from the Ensembl GTF gene_name.	FALSE		https://ftp.ensembl.org/pub/release-116/gtf/mus_musculus/Mus_musculus.GRCm39.116.chr.gtf.gz	Mus_musculus.GRCm39.116.chr.gtf.gz	b13bd6454a48c38d533e8df31e4f807d0ac93d1b23322921703b971e68cbe88f
mouse	mouse	Mouse	Mus musculus	GRCm39	GCA_000001635.9	Ensembl	116	mouse	B	B	B	B	B	2	14	Hox2	Hox2	Hoxb2	ENSMUSG00000075588	7	ENSMUSG00000075588.7	ensembl_havana	protein_coding	11	96241351	96244838	+	ENSMUST00000100523	7	ENSMUST00000100523.7	Hoxb2-201	ensembl_havana	protein_coding	96242457	96244838	2382	ENSMUSP00000098092	5	ENSMUSP00000098092.5	2	1062	96242638	96243546	96244454	96242638	96243546	96244454	96243546	explicit_start_codon	explicit_stop_codon	FALSE	FALSE	FALSE	1	1	1	FALSE	FALSE	0					TRUE	greatest_genomic_span_with_usable_CDS_and_strand;ties_Ensembl_canonical_then_transcript_id	explicit_codon_middle_when_complete_else_terminal_CDS_positional_proxy_in_transcription_order	arithmetic_genomic_midpoint_between_codon_centers	source_gene_symbol	Hox family and number parsed from the Ensembl GTF gene_name.	FALSE		https://ftp.ensembl.org/pub/release-116/gtf/mus_musculus/Mus_musculus.GRCm39.116.chr.gtf.gz	Mus_musculus.GRCm39.116.chr.gtf.gz	b13bd6454a48c38d533e8df31e4f807d0ac93d1b23322921703b971e68cbe88f
mouse	mouse	Mouse	Mus musculus	GRCm39	GCA_000001635.9	Ensembl	116	mouse	B	B	B	B	B	1	15	Hox1	Hox1	Hoxb1	ENSMUSG00000018973	3	ENSMUSG00000018973.3	ensembl_havana	protein_coding	11	96256578	96259082	+	ENSMUST00000019117	3	ENSMUST00000019117.3	Hoxb1-201	ensembl_havana	protein_coding	96256578	96259082	2505	ENSMUSP00000019117	3	ENSMUSP00000019117.3	2	891	96256654	96257309	96257964	96256654	96257309	96257964	96257309	explicit_start_codon	explicit_stop_codon	FALSE	FALSE	FALSE	1	1	1	FALSE	FALSE	0					TRUE	greatest_genomic_span_with_usable_CDS_and_strand;ties_Ensembl_canonical_then_transcript_id	explicit_codon_middle_when_complete_else_terminal_CDS_positional_proxy_in_transcription_order	arithmetic_genomic_midpoint_between_codon_centers	source_gene_symbol	Hox family and number parsed from the Ensembl GTF gene_name.	FALSE		https://ftp.ensembl.org/pub/release-116/gtf/mus_musculus/Mus_musculus.GRCm39.116.chr.gtf.gz	Mus_musculus.GRCm39.116.chr.gtf.gz	b13bd6454a48c38d533e8df31e4f807d0ac93d1b23322921703b971e68cbe88f
mouse	mouse	Mouse	Mus musculus	GRCm39	GCA_000001635.9	Ensembl	116	mouse	C	C	C	C	C	13	3	Hox13	Hox13	Hoxc13	ENSMUSG00000001655	7	ENSMUSG00000001655.7	ensembl_havana	protein_coding	15	102829538	102837249	+	ENSMUST00000001700	7	ENSMUST00000001700.7	Hoxc13-201	ensembl_havana	protein_coding	102829538	102837249	7712	ENSMUSP00000001700	7	ENSMUSP00000001700.7	2	984	102829624	102832741.5	102835859	102829624	102832741.5	102835859	102832741.5	explicit_start_codon	explicit_stop_codon	FALSE	FALSE	FALSE	1	1	1	FALSE	FALSE	0					TRUE	greatest_genomic_span_with_usable_CDS_and_strand;ties_Ensembl_canonical_then_transcript_id	explicit_codon_middle_when_complete_else_terminal_CDS_positional_proxy_in_transcription_order	arithmetic_genomic_midpoint_between_codon_centers	source_gene_symbol	Hox family and number parsed from the Ensembl GTF gene_name.	FALSE		https://ftp.ensembl.org/pub/release-116/gtf/mus_musculus/Mus_musculus.GRCm39.116.chr.gtf.gz	Mus_musculus.GRCm39.116.chr.gtf.gz	b13bd6454a48c38d533e8df31e4f807d0ac93d1b23322921703b971e68cbe88f
mouse	mouse	Mouse	Mus musculus	GRCm39	GCA_000001635.9	Ensembl	116	mouse	C	C	C	C	C	12	4	Hox12	Hox12	Hoxc12	ENSMUSG00000050328	4	ENSMUSG00000050328.4	ensembl_havana	protein_coding	15	102845192	102849289	+	ENSMUST00000055562	4	ENSMUST00000055562.4	Hoxc12-201	ensembl_havana	protein_coding	102845192	102849289	4098	ENSMUSP00000051003	3	ENSMUSP00000051003.3	2	840	102845289	102846120	102846951	102845289	102846120	102846951	102846120	explicit_start_codon	explicit_stop_codon	FALSE	FALSE	FALSE	1	1	1	FALSE	FALSE	0					TRUE	greatest_genomic_span_with_usable_CDS_and_strand;ties_Ensembl_canonical_then_transcript_id	explicit_codon_middle_when_complete_else_terminal_CDS_positional_proxy_in_transcription_order	arithmetic_genomic_midpoint_between_codon_centers	source_gene_symbol	Hox family and number parsed from the Ensembl GTF gene_name.	FALSE		https://ftp.ensembl.org/pub/release-116/gtf/mus_musculus/Mus_musculus.GRCm39.116.chr.gtf.gz	Mus_musculus.GRCm39.116.chr.gtf.gz	b13bd6454a48c38d533e8df31e4f807d0ac93d1b23322921703b971e68cbe88f
mouse	mouse	Mouse	Mus musculus	GRCm39	GCA_000001635.9	Ensembl	116	mouse	C	C	C	C	C	11	5	Hox11	Hox11	Hoxc11	ENSMUSG00000001656	4	ENSMUSG00000001656.4	ensembl_havana	protein_coding	15	102862862	102866143	+	ENSMUST00000001701	4	ENSMUST00000001701.4	Hoxc11-201	ensembl_havana	protein_coding	102862862	102866143	3282	ENSMUSP00000001701	4	ENSMUSP00000001701.4	2	912	102862962	102864048.5	102865135	102862962	102864048.5	102865135	102864048.5	explicit_start_codon	explicit_stop_codon	FALSE	FALSE	FALSE	1	1	1	FALSE	FALSE	0					TRUE	greatest_genomic_span_with_usable_CDS_and_strand;ties_Ensembl_canonical_then_transcript_id	explicit_codon_middle_when_complete_else_terminal_CDS_positional_proxy_in_transcription_order	arithmetic_genomic_midpoint_between_codon_centers	source_gene_symbol	Hox family and number parsed from the Ensembl GTF gene_name.	FALSE		https://ftp.ensembl.org/pub/release-116/gtf/mus_musculus/Mus_musculus.GRCm39.116.chr.gtf.gz	Mus_musculus.GRCm39.116.chr.gtf.gz	b13bd6454a48c38d533e8df31e4f807d0ac93d1b23322921703b971e68cbe88f
mouse	mouse	Mouse	Mus musculus	GRCm39	GCA_000001635.9	Ensembl	116	mouse	C	C	C	C	C	10	6	Hox10	Hox10	Hoxc10	ENSMUSG00000022484	9	ENSMUSG00000022484.9	ensembl_havana	protein_coding	15	102875134	102880330	+	ENSMUST00000001699	9	ENSMUST00000001699.9	Hoxc10-201	ensembl_havana	protein_coding	102875134	102880330	5197	ENSMUSP00000001699	8	ENSMUSP00000001699.8	2	1026	102875294	102877401.5	102879509	102875294	102877401.5	102879509	102877401.5	explicit_start_codon	explicit_stop_codon	FALSE	FALSE	FALSE	3	3	3	FALSE	FALSE	0					TRUE	greatest_genomic_span_with_usable_CDS_and_strand;ties_Ensembl_canonical_then_transcript_id	explicit_codon_middle_when_complete_else_terminal_CDS_positional_proxy_in_transcription_order	arithmetic_genomic_midpoint_between_codon_centers	source_gene_symbol	Hox family and number parsed from the Ensembl GTF gene_name.	FALSE		https://ftp.ensembl.org/pub/release-116/gtf/mus_musculus/Mus_musculus.GRCm39.116.chr.gtf.gz	Mus_musculus.GRCm39.116.chr.gtf.gz	b13bd6454a48c38d533e8df31e4f807d0ac93d1b23322921703b971e68cbe88f
mouse	mouse	Mouse	Mus musculus	GRCm39	GCA_000001635.9	Ensembl	116	mouse	C	C	C	C	C	9	7	Hox9	Hox9	Hoxc9	ENSMUSG00000036139	8	ENSMUSG00000036139.8	ensembl_havana	protein_coding	15	102884117	102893531	+	ENSMUST00000403677	1	ENSMUST00000403677.1	Hoxc9-203	havana_tagene	protein_coding	102884117	102893531	9415	ENSMUSP00000182040	1	ENSMUSP00000182040.1	2	780	102890086	102891328	102892570	102890086	102891328	102892570	102891328	explicit_start_codon	explicit_stop_codon	FALSE	FALSE	FALSE	5	5	5	FALSE	FALSE	0					FALSE	greatest_genomic_span_with_usable_CDS_and_strand;ties_Ensembl_canonical_then_transcript_id	explicit_codon_middle_when_complete_else_terminal_CDS_positional_proxy_in_transcription_order	arithmetic_genomic_midpoint_between_codon_centers	source_gene_symbol	Hox family and number parsed from the Ensembl GTF gene_name.	FALSE		https://ftp.ensembl.org/pub/release-116/gtf/mus_musculus/Mus_musculus.GRCm39.116.chr.gtf.gz	Mus_musculus.GRCm39.116.chr.gtf.gz	b13bd6454a48c38d533e8df31e4f807d0ac93d1b23322921703b971e68cbe88f
mouse	mouse	Mouse	Mus musculus	GRCm39	GCA_000001635.9	Ensembl	116	mouse	C	C	C	C	C	8	8	Hox8	Hox8	Hoxc8	ENSMUSG00000001657	9	ENSMUSG00000001657.9	ensembl_havana	protein_coding	15	102898851	102902543	+	ENSMUST00000001703	9	ENSMUST00000001703.9	Hoxc8-201	ensembl_havana	protein_coding	102898851	102902253	3403	ENSMUSP00000001703	7	ENSMUSP00000001703.7	2	726	102899213	102900249.5	102901286	102899213	102900249.5	102901286	102900249.5	explicit_start_codon	explicit_stop_codon	FALSE	FALSE	FALSE	2	2	2	FALSE	FALSE	0					TRUE	greatest_genomic_span_with_usable_CDS_and_strand;ties_Ensembl_canonical_then_transcript_id	explicit_codon_middle_when_complete_else_terminal_CDS_positional_proxy_in_transcription_order	arithmetic_genomic_midpoint_between_codon_centers	source_gene_symbol	Hox family and number parsed from the Ensembl GTF gene_name.	FALSE		https://ftp.ensembl.org/pub/release-116/gtf/mus_musculus/Mus_musculus.GRCm39.116.chr.gtf.gz	Mus_musculus.GRCm39.116.chr.gtf.gz	b13bd6454a48c38d533e8df31e4f807d0ac93d1b23322921703b971e68cbe88f
mouse	mouse	Mouse	Mus musculus	GRCm39	GCA_000001635.9	Ensembl	116	mouse	C	C	C	C	C	6	10	Hox6	Hox6	Hoxc6	ENSMUSG00000001661	7	ENSMUSG00000001661.7	ensembl_havana	protein_coding	15	102906689	102920315	+	ENSMUST00000001711	7	ENSMUST00000001711.7	Hoxc6-201	ensembl_havana	protein_coding	102917917	102920315	2399	ENSMUSP00000001711	5	ENSMUSP00000001711.5	2	705	102918039	102918755.5	102919472	102918039	102918755.5	102919472	102918755.5	explicit_start_codon	explicit_stop_codon	FALSE	FALSE	FALSE	2	2	2	FALSE	FALSE	0					TRUE	greatest_genomic_span_with_usable_CDS_and_strand;ties_Ensembl_canonical_then_transcript_id	explicit_codon_middle_when_complete_else_terminal_CDS_positional_proxy_in_transcription_order	arithmetic_genomic_midpoint_between_codon_centers	source_gene_symbol	Hox family and number parsed from the Ensembl GTF gene_name.	FALSE		https://ftp.ensembl.org/pub/release-116/gtf/mus_musculus/Mus_musculus.GRCm39.116.chr.gtf.gz	Mus_musculus.GRCm39.116.chr.gtf.gz	b13bd6454a48c38d533e8df31e4f807d0ac93d1b23322921703b971e68cbe88f
mouse	mouse	Mouse	Mus musculus	GRCm39	GCA_000001635.9	Ensembl	116	mouse	C	C	C	C	C	5	11	Hox5	Hox5	Hoxc5	ENSMUSG00000022485	4	ENSMUSG00000022485.4	ensembl_havana	protein_coding	15	102875878	102925861	+	ENSMUST00000001709	3	ENSMUST00000001709.3	Hoxc5-201	ensembl_havana	protein_coding	102922247	102925861	3615	ENSMUSP00000001709	3	ENSMUSP00000001709.3	2	666	102922515	102923194	102923873	102922515	102923194	102923873	102923194	explicit_start_codon	explicit_stop_codon	FALSE	FALSE	FALSE	1	1	1	FALSE	FALSE	0					TRUE	greatest_genomic_span_with_usable_CDS_and_strand;ties_Ensembl_canonical_then_transcript_id	explicit_codon_middle_when_complete_else_terminal_CDS_positional_proxy_in_transcription_order	arithmetic_genomic_midpoint_between_codon_centers	source_gene_symbol	Hox family and number parsed from the Ensembl GTF gene_name.	FALSE		https://ftp.ensembl.org/pub/release-116/gtf/mus_musculus/Mus_musculus.GRCm39.116.chr.gtf.gz	Mus_musculus.GRCm39.116.chr.gtf.gz	b13bd6454a48c38d533e8df31e4f807d0ac93d1b23322921703b971e68cbe88f
mouse	mouse	Mouse	Mus musculus	GRCm39	GCA_000001635.9	Ensembl	116	mouse	C	C	C	C	C	4	12	Hox4	Hox4	Hoxc4	ENSMUSG00000075394	5	ENSMUSG00000075394.5	ensembl_havana	protein_coding	15	102927366	102945278	+	ENSMUST00000165375	3	ENSMUST00000165375.3	Hoxc4-202	havana	protein_coding	102927366	102944831	17466	ENSMUSP00000133561	2	ENSMUSP00000133561.2	2	453	102943150	102943429	102943708	102943150	102943429	102943708	102943429	explicit_start_codon	explicit_stop_codon	FALSE	FALSE	FALSE	2	2	2	FALSE	FALSE	0					FALSE	greatest_genomic_span_with_usable_CDS_and_strand;ties_Ensembl_canonical_then_transcript_id	explicit_codon_middle_when_complete_else_terminal_CDS_positional_proxy_in_transcription_order	arithmetic_genomic_midpoint_between_codon_centers	source_gene_symbol	Hox family and number parsed from the Ensembl GTF gene_name.	FALSE		https://ftp.ensembl.org/pub/release-116/gtf/mus_musculus/Mus_musculus.GRCm39.116.chr.gtf.gz	Mus_musculus.GRCm39.116.chr.gtf.gz	b13bd6454a48c38d533e8df31e4f807d0ac93d1b23322921703b971e68cbe88f
mouse	mouse	Mouse	Mus musculus	GRCm39	GCA_000001635.9	Ensembl	116	mouse	D	D	D	D	D	13	3	Hox13	Hox13	Hoxd13	ENSMUSG00000001819	5	ENSMUSG00000001819.5	ensembl_havana	protein_coding	2	74498654	74501943	+	ENSMUST00000001872	5	ENSMUST00000001872.5	Hoxd13-201	ensembl_havana	protein_coding	74498654	74501943	3290	ENSMUSP00000001872	5	ENSMUSP00000001872.5	2	1017	74498655	74499567	74500479	74498655	74499567	74500479	74499567	explicit_start_codon	explicit_stop_codon	FALSE	FALSE	FALSE	1	1	1	FALSE	FALSE	0					TRUE	greatest_genomic_span_with_usable_CDS_and_strand;ties_Ensembl_canonical_then_transcript_id	explicit_codon_middle_when_complete_else_terminal_CDS_positional_proxy_in_transcription_order	arithmetic_genomic_midpoint_between_codon_centers	source_gene_symbol	Hox family and number parsed from the Ensembl GTF gene_name.	FALSE		https://ftp.ensembl.org/pub/release-116/gtf/mus_musculus/Mus_musculus.GRCm39.116.chr.gtf.gz	Mus_musculus.GRCm39.116.chr.gtf.gz	b13bd6454a48c38d533e8df31e4f807d0ac93d1b23322921703b971e68cbe88f
mouse	mouse	Mouse	Mus musculus	GRCm39	GCA_000001635.9	Ensembl	116	mouse	D	D	D	D	D	12	4	Hox12	Hox12	Hoxd12	ENSMUSG00000001823	6	ENSMUSG00000001823.6	ensembl_havana	protein_coding	2	74505357	74508049	+	ENSMUST00000001878	6	ENSMUST00000001878.6	Hoxd12-201	ensembl_havana	protein_coding	74505357	74508049	2693	ENSMUSP00000001878	5	ENSMUSP00000001878.5	2	804	74505432	74505913.5	74506395	74505432	74505913.5	74506395	74505913.5	explicit_start_codon	explicit_stop_codon	FALSE	FALSE	FALSE	1	1	1	FALSE	FALSE	0					TRUE	greatest_genomic_span_with_usable_CDS_and_strand;ties_Ensembl_canonical_then_transcript_id	explicit_codon_middle_when_complete_else_terminal_CDS_positional_proxy_in_transcription_order	arithmetic_genomic_midpoint_between_codon_centers	source_gene_symbol	Hox family and number parsed from the Ensembl GTF gene_name.	FALSE		https://ftp.ensembl.org/pub/release-116/gtf/mus_musculus/Mus_musculus.GRCm39.116.chr.gtf.gz	Mus_musculus.GRCm39.116.chr.gtf.gz	b13bd6454a48c38d533e8df31e4f807d0ac93d1b23322921703b971e68cbe88f
mouse	mouse	Mouse	Mus musculus	GRCm39	GCA_000001635.9	Ensembl	116	mouse	D	D	D	D	D	11	5	Hox11	Hox11	Hoxd11	ENSMUSG00000042499	14	ENSMUSG00000042499.14	ensembl_havana	protein_coding	2	74509901	74517360	+	ENSMUST00000142312	4	ENSMUST00000142312.4	Hoxd11-202	ensembl_havana	protein_coding	74510975	74514512	3538	ENSMUSP00000122582	2	ENSMUSP00000122582.2	2	1008	74512738	74513609.5	74514481	74512738	74513609.5	74514481	74513609.5	explicit_start_codon	explicit_stop_codon	FALSE	FALSE	FALSE	1	1	1	FALSE	FALSE	0					TRUE	greatest_genomic_span_with_usable_CDS_and_strand;ties_Ensembl_canonical_then_transcript_id	explicit_codon_middle_when_complete_else_terminal_CDS_positional_proxy_in_transcription_order	arithmetic_genomic_midpoint_between_codon_centers	source_gene_symbol	Hox family and number parsed from the Ensembl GTF gene_name.	FALSE		https://ftp.ensembl.org/pub/release-116/gtf/mus_musculus/Mus_musculus.GRCm39.116.chr.gtf.gz	Mus_musculus.GRCm39.116.chr.gtf.gz	b13bd6454a48c38d533e8df31e4f807d0ac93d1b23322921703b971e68cbe88f
mouse	mouse	Mouse	Mus musculus	GRCm39	GCA_000001635.9	Ensembl	116	mouse	D	D	D	D	D	10	6	Hox10	Hox10	Hoxd10	ENSMUSG00000050368	6	ENSMUSG00000050368.6	ensembl_havana	protein_coding	2	74522230	74525449	+	ENSMUST00000061745	6	ENSMUST00000061745.6	Hoxd10-201	ensembl_havana	protein_coding	74522230	74525449	3220	ENSMUSP00000062412	4	ENSMUSP00000062412.4	2	1020	74522325	74523518	74524711	74522325	74523518	74524711	74523518	explicit_start_codon	explicit_stop_codon	FALSE	FALSE	FALSE	1	1	1	FALSE	FALSE	0					TRUE	greatest_genomic_span_with_usable_CDS_and_strand;ties_Ensembl_canonical_then_transcript_id	explicit_codon_middle_when_complete_else_terminal_CDS_positional_proxy_in_transcription_order	arithmetic_genomic_midpoint_between_codon_centers	source_gene_symbol	Hox family and number parsed from the Ensembl GTF gene_name.	FALSE		https://ftp.ensembl.org/pub/release-116/gtf/mus_musculus/Mus_musculus.GRCm39.116.chr.gtf.gz	Mus_musculus.GRCm39.116.chr.gtf.gz	b13bd6454a48c38d533e8df31e4f807d0ac93d1b23322921703b971e68cbe88f
mouse	mouse	Mouse	Mus musculus	GRCm39	GCA_000001635.9	Ensembl	116	mouse	D	D	D	D	D	9	7	Hox9	Hox9	Hoxd9	ENSMUSG00000043342	11	ENSMUSG00000043342.11	ensembl_havana	protein_coding	2	74528008	74530552	+	ENSMUST00000059272	11	ENSMUST00000059272.11	Hoxd9-201	ensembl_havana	protein_coding	74528008	74530552	2545	ENSMUSP00000058490	9	ENSMUSP00000058490.9	2	1017	74528401	74529082.5	74529764	74528401	74529082.5	74529764	74529082.5	explicit_start_codon	explicit_stop_codon	FALSE	FALSE	FALSE	2	2	2	FALSE	FALSE	0					TRUE	greatest_genomic_span_with_usable_CDS_and_strand;ties_Ensembl_canonical_then_transcript_id	explicit_codon_middle_when_complete_else_terminal_CDS_positional_proxy_in_transcription_order	arithmetic_genomic_midpoint_between_codon_centers	source_gene_symbol	Hox family and number parsed from the Ensembl GTF gene_name.	FALSE		https://ftp.ensembl.org/pub/release-116/gtf/mus_musculus/Mus_musculus.GRCm39.116.chr.gtf.gz	Mus_musculus.GRCm39.116.chr.gtf.gz	b13bd6454a48c38d533e8df31e4f807d0ac93d1b23322921703b971e68cbe88f
mouse	mouse	Mouse	Mus musculus	GRCm39	GCA_000001635.9	Ensembl	116	mouse	D	D	D	D	D	8	8	Hox8	Hox8	Hoxd8	ENSMUSG00000027102	6	ENSMUSG00000027102.6	ensembl_havana	protein_coding	2	74534959	74538297	+	ENSMUST00000019749	5	ENSMUST00000019749.5	Hoxd8-201	ensembl_havana	protein_coding	74534968	74538297	3330	ENSMUSP00000019749	4	ENSMUSP00000019749.4	2	867	74535893	74536524	74537155	74535893	74536524	74537155	74536524	explicit_start_codon	explicit_stop_codon	FALSE	FALSE	FALSE	3	3	3	FALSE	FALSE	0					TRUE	greatest_genomic_span_with_usable_CDS_and_strand;ties_Ensembl_canonical_then_transcript_id	explicit_codon_middle_when_complete_else_terminal_CDS_positional_proxy_in_transcription_order	arithmetic_genomic_midpoint_between_codon_centers	source_gene_symbol	Hox family and number parsed from the Ensembl GTF gene_name.	FALSE		https://ftp.ensembl.org/pub/release-116/gtf/mus_musculus/Mus_musculus.GRCm39.116.chr.gtf.gz	Mus_musculus.GRCm39.116.chr.gtf.gz	b13bd6454a48c38d533e8df31e4f807d0ac93d1b23322921703b971e68cbe88f
mouse	mouse	Mouse	Mus musculus	GRCm39	GCA_000001635.9	Ensembl	116	mouse	D	D	D	D	D	4	12	Hox4	Hox4	Hoxd4	ENSMUSG00000101174	10	ENSMUSG00000101174.10	ensembl_havana	protein_coding	2	74542273	74559523	+	ENSMUST00000047904	5	ENSMUST00000047904.5	Hoxd4-201	ensembl	protein_coding	74552322	74559523	7202	ENSMUSP00000047949	4	ENSMUSP00000047949.4	2	750	74557624	74558277	74558930	74557624	74558277	74558930	74558277	explicit_start_codon	explicit_stop_codon	FALSE	FALSE	FALSE	2	2	2	FALSE	FALSE	0					FALSE	greatest_genomic_span_with_usable_CDS_and_strand;ties_Ensembl_canonical_then_transcript_id	explicit_codon_middle_when_complete_else_terminal_CDS_positional_proxy_in_transcription_order	arithmetic_genomic_midpoint_between_codon_centers	source_gene_symbol	Hox family and number parsed from the Ensembl GTF gene_name.	FALSE		https://ftp.ensembl.org/pub/release-116/gtf/mus_musculus/Mus_musculus.GRCm39.116.chr.gtf.gz	Mus_musculus.GRCm39.116.chr.gtf.gz	b13bd6454a48c38d533e8df31e4f807d0ac93d1b23322921703b971e68cbe88f
mouse	mouse	Mouse	Mus musculus	GRCm39	GCA_000001635.9	Ensembl	116	mouse	D	D	D	D	D	3	13	Hox3	Hox3	Hoxd3	ENSMUSG00000079277	11	ENSMUSG00000079277.11	ensembl_havana	protein_coding	2	74542271	74578786	+	ENSMUST00000111983	9	ENSMUST00000111983.9	Hoxd3-203	ensembl_havana	protein_coding	74542271	74578615	36345	ENSMUSP00000107614	3	ENSMUSP00000107614.3	2	1299	74574357	74575889.5	74577422	74574357	74575889.5	74577422	74575889.5	explicit_start_codon	explicit_stop_codon	FALSE	FALSE	FALSE	6	6	6	FALSE	FALSE	0					TRUE	greatest_genomic_span_with_usable_CDS_and_strand;ties_Ensembl_canonical_then_transcript_id	explicit_codon_middle_when_complete_else_terminal_CDS_positional_proxy_in_transcription_order	arithmetic_genomic_midpoint_between_codon_centers	source_gene_symbol	Hox family and number parsed from the Ensembl GTF gene_name.	FALSE		https://ftp.ensembl.org/pub/release-116/gtf/mus_musculus/Mus_musculus.GRCm39.116.chr.gtf.gz	Mus_musculus.GRCm39.116.chr.gtf.gz	b13bd6454a48c38d533e8df31e4f807d0ac93d1b23322921703b971e68cbe88f
mouse	mouse	Mouse	Mus musculus	GRCm39	GCA_000001635.9	Ensembl	116	mouse	D	D	D	D	D	1	15	Hox1	Hox1	Hoxd1	ENSMUSG00000042448	6	ENSMUSG00000042448.6	ensembl_havana	protein_coding	2	74593324	74595486	+	ENSMUST00000047793	6	ENSMUST00000047793.6	Hoxd1-201	ensembl_havana	protein_coding	74593324	74595486	2163	ENSMUSP00000043078	4	ENSMUSP00000043078.4	2	984	74593447	74594089.5	74594732	74593447	74594089.5	74594732	74594089.5	explicit_start_codon	explicit_stop_codon	FALSE	FALSE	FALSE	1	1	1	FALSE	FALSE	0					TRUE	greatest_genomic_span_with_usable_CDS_and_strand;ties_Ensembl_canonical_then_transcript_id	explicit_codon_middle_when_complete_else_terminal_CDS_positional_proxy_in_transcription_order	arithmetic_genomic_midpoint_between_codon_centers	source_gene_symbol	Hox family and number parsed from the Ensembl GTF gene_name.	FALSE		https://ftp.ensembl.org/pub/release-116/gtf/mus_musculus/Mus_musculus.GRCm39.116.chr.gtf.gz	Mus_musculus.GRCm39.116.chr.gtf.gz	b13bd6454a48c38d533e8df31e4f807d0ac93d1b23322921703b971e68cbe88f
chicken	chicken	Chicken	Gallus gallus	bGalGal1.mat.broiler.GRCg7b	GCA_016699485.1	Ensembl	116	chicken	A	A	A	A	A	13	3	Hox13	Hox13	HOXA13	ENSGALG00010001321	1	ENSGALG00010001321.1	ensembl	protein_coding	2	32582495	32585463	-	ENSGALT00010003054	1	ENSGALT00010003054.1	HOXA13-201	ensembl	protein_coding	32582495	32585463	2969	ENSGALP00010001583	1	ENSGALP00010001583.1	2	915	32585405	32584690.5	32583976	32585405	32584690.5	32583976	32584690.5	explicit_start_codon	explicit_stop_codon	FALSE	FALSE	FALSE	1	1	1	FALSE	FALSE	0					FALSE	greatest_genomic_span_with_usable_CDS_and_strand;ties_Ensembl_canonical_then_transcript_id	explicit_codon_middle_when_complete_else_terminal_CDS_positional_proxy_in_transcription_order	arithmetic_genomic_midpoint_between_codon_centers	source_gene_symbol	Hox family and number parsed from the Ensembl GTF gene_name.	FALSE		https://ftp.ensembl.org/pub/release-116/gtf/gallus_gallus/Gallus_gallus.bGalGal1.mat.broiler.GRCg7b.116.chr.gtf.gz	Gallus_gallus.bGalGal1.mat.broiler.GRCg7b.116.chr.gtf.gz	786501f79c39e1b2b9547f2bf033f87e43feb5a443e1d41d5135c2e05f238c6c
chicken	chicken	Chicken	Gallus gallus	bGalGal1.mat.broiler.GRCg7b	GCA_016699485.1	Ensembl	116	chicken	A	A	A	A	A	11	5	Hox11	Hox11	HOXA11	ENSGALG00010001848	1	ENSGALG00010001848.1	ensembl	protein_coding	2	32565244	32569341	-	ENSGALT00010004201	1	ENSGALT00010004201.1	HOXA11-201	ensembl	protein_coding	32565244	32569341	4098	ENSGALP00010002498	1	ENSGALP00010002498.1	2	891	32569277	32568161	32567045	32569277	32568161	32567045	32568161	explicit_start_codon	explicit_stop_codon	FALSE	FALSE	FALSE	1	1	1	FALSE	FALSE	0					FALSE	greatest_genomic_span_with_usable_CDS_and_strand;ties_Ensembl_canonical_then_transcript_id	explicit_codon_middle_when_complete_else_terminal_CDS_positional_proxy_in_transcription_order	arithmetic_genomic_midpoint_between_codon_centers	source_gene_symbol	Hox family and number parsed from the Ensembl GTF gene_name.	FALSE		https://ftp.ensembl.org/pub/release-116/gtf/gallus_gallus/Gallus_gallus.bGalGal1.mat.broiler.GRCg7b.116.chr.gtf.gz	Gallus_gallus.bGalGal1.mat.broiler.GRCg7b.116.chr.gtf.gz	786501f79c39e1b2b9547f2bf033f87e43feb5a443e1d41d5135c2e05f238c6c
chicken	chicken	Chicken	Gallus gallus	bGalGal1.mat.broiler.GRCg7b	GCA_016699485.1	Ensembl	116	chicken	A	A	A	A	A	10	6	Hox10	Hox10	HOXA10	ENSGALG00010001844	1	ENSGALG00010001844.1	ensembl	protein_coding	2	32554165	32559746	-	ENSGALT00010004197	1	ENSGALT00010004197.1	HOXA10-201	ensembl	protein_coding	32554165	32559746	5582	ENSGALP00010002494	1	ENSGALP00010002494.1	2	1092	32557915	32556695	32555475	32557915	32556695	32555475	32556695	explicit_start_codon	explicit_stop_codon	FALSE	FALSE	FALSE	1	1	1	FALSE	FALSE	0					FALSE	greatest_genomic_span_with_usable_CDS_and_strand;ties_Ensembl_canonical_then_transcript_id	explicit_codon_middle_when_complete_else_terminal_CDS_positional_proxy_in_transcription_order	arithmetic_genomic_midpoint_between_codon_centers	source_gene_symbol	Hox family and number parsed from the Ensembl GTF gene_name.	FALSE		https://ftp.ensembl.org/pub/release-116/gtf/gallus_gallus/Gallus_gallus.bGalGal1.mat.broiler.GRCg7b.116.chr.gtf.gz	Gallus_gallus.bGalGal1.mat.broiler.GRCg7b.116.chr.gtf.gz	786501f79c39e1b2b9547f2bf033f87e43feb5a443e1d41d5135c2e05f238c6c
chicken	chicken	Chicken	Gallus gallus	bGalGal1.mat.broiler.GRCg7b	GCA_016699485.1	Ensembl	116	chicken	A	A	A	A	A	9	7	Hox9	Hox9	HOXA9	ENSGALG00010001840	1	ENSGALG00010001840.1	ensembl	protein_coding	2	32546009	32563954	-	ENSGALT00010004190	1	ENSGALT00010004190.1	HOXA9-203	ensembl	protein_coding	32547337	32563954	16618	ENSGALP00010002487	1	ENSGALP00010002487.1	2	780	32549111	32548240.5	32547370	32549111	32548240.5	32547370	32548240.5	explicit_start_codon	explicit_stop_codon	FALSE	FALSE	FALSE	3	3	3	FALSE	FALSE	0					FALSE	greatest_genomic_span_with_usable_CDS_and_strand;ties_Ensembl_canonical_then_transcript_id	explicit_codon_middle_when_complete_else_terminal_CDS_positional_proxy_in_transcription_order	arithmetic_genomic_midpoint_between_codon_centers	source_gene_symbol	Hox family and number parsed from the Ensembl GTF gene_name.	FALSE		https://ftp.ensembl.org/pub/release-116/gtf/gallus_gallus/Gallus_gallus.bGalGal1.mat.broiler.GRCg7b.116.chr.gtf.gz	Gallus_gallus.bGalGal1.mat.broiler.GRCg7b.116.chr.gtf.gz	786501f79c39e1b2b9547f2bf033f87e43feb5a443e1d41d5135c2e05f238c6c
chicken	chicken	Chicken	Gallus gallus	bGalGal1.mat.broiler.GRCg7b	GCA_016699485.1	Ensembl	116	chicken	A	A	A	A	A	7	9	Hox7	Hox7	HOXA7	ENSGALG00010001826	1	ENSGALG00010001826.1	ensembl	protein_coding	2	32537106	32542394	-	ENSGALT00010004159	1	ENSGALT00010004159.1	HOXA7-202	ensembl	protein_coding	32537114	32542394	5281	ENSGALP00010002456	1	ENSGALP00010002456.1	3	666	32542393	32540524	32538655	32542393	32540524	32538655	32540524	terminal_CDS_positional_proxy	explicit_stop_codon	TRUE	FALSE	TRUE	2	2	2	FALSE	FALSE	0					FALSE	greatest_genomic_span_with_usable_CDS_and_strand;ties_Ensembl_canonical_then_transcript_id	explicit_codon_middle_when_complete_else_terminal_CDS_positional_proxy_in_transcription_order	arithmetic_genomic_midpoint_between_codon_centers	source_gene_symbol	Hox family and number parsed from the Ensembl GTF gene_name.	FALSE		https://ftp.ensembl.org/pub/release-116/gtf/gallus_gallus/Gallus_gallus.bGalGal1.mat.broiler.GRCg7b.116.chr.gtf.gz	Gallus_gallus.bGalGal1.mat.broiler.GRCg7b.116.chr.gtf.gz	786501f79c39e1b2b9547f2bf033f87e43feb5a443e1d41d5135c2e05f238c6c
chicken	chicken	Chicken	Gallus gallus	bGalGal1.mat.broiler.GRCg7b	GCA_016699485.1	Ensembl	116	chicken	A	A	A	A	A	6	10	Hox6	Hox6	HOXA6	ENSGALG00010001819	1	ENSGALG00010001819.1	ensembl	protein_coding	2	32528935	32532085	-	ENSGALT00010004135	1	ENSGALT00010004135.1	HOXA6-201	ensembl	protein_coding	32528935	32532085	3151	ENSGALP00010002432	1	ENSGALP00010002432.1	2	693	32531885	32530939	32529993	32531885	32530939	32529993	32530939	explicit_start_codon	explicit_stop_codon	FALSE	FALSE	FALSE	1	1	1	FALSE	FALSE	0					FALSE	greatest_genomic_span_with_usable_CDS_and_strand;ties_Ensembl_canonical_then_transcript_id	explicit_codon_middle_when_complete_else_terminal_CDS_positional_proxy_in_transcription_order	arithmetic_genomic_midpoint_between_codon_centers	source_gene_symbol	Hox family and number parsed from the Ensembl GTF gene_name.	FALSE		https://ftp.ensembl.org/pub/release-116/gtf/gallus_gallus/Gallus_gallus.bGalGal1.mat.broiler.GRCg7b.116.chr.gtf.gz	Gallus_gallus.bGalGal1.mat.broiler.GRCg7b.116.chr.gtf.gz	786501f79c39e1b2b9547f2bf033f87e43feb5a443e1d41d5135c2e05f238c6c
chicken	chicken	Chicken	Gallus gallus	bGalGal1.mat.broiler.GRCg7b	GCA_016699485.1	Ensembl	116	chicken	A	A	A	A	A	5	11	Hox5	Hox5	HOXA5	ENSGALG00010001813	1	ENSGALG00010001813.1	ensembl	protein_coding	2	32525265	32528034	-	ENSGALT00010004128	1	ENSGALT00010004128.1	HOXA5-201	ensembl	protein_coding	32525265	32528034	2770	ENSGALP00010002425	1	ENSGALP00010002425.1	2	810	32527879	32527039	32526199	32527879	32527039	32526199	32527039	explicit_start_codon	explicit_stop_codon	FALSE	FALSE	FALSE	1	1	1	FALSE	FALSE	0					FALSE	greatest_genomic_span_with_usable_CDS_and_strand;ties_Ensembl_canonical_then_transcript_id	explicit_codon_middle_when_complete_else_terminal_CDS_positional_proxy_in_transcription_order	arithmetic_genomic_midpoint_between_codon_centers	source_gene_symbol	Hox family and number parsed from the Ensembl GTF gene_name.	FALSE		https://ftp.ensembl.org/pub/release-116/gtf/gallus_gallus/Gallus_gallus.bGalGal1.mat.broiler.GRCg7b.116.chr.gtf.gz	Gallus_gallus.bGalGal1.mat.broiler.GRCg7b.116.chr.gtf.gz	786501f79c39e1b2b9547f2bf033f87e43feb5a443e1d41d5135c2e05f238c6c
chicken	chicken	Chicken	Gallus gallus	bGalGal1.mat.broiler.GRCg7b	GCA_016699485.1	Ensembl	116	chicken	A	A	A	A	A	4	12	Hox4	Hox4	HOXA4	ENSGALG00010001808	1	ENSGALG00010001808.1	ensembl	protein_coding	2	32512064	32514374	-	ENSGALT00010004119	1	ENSGALT00010004119.1	HOXA4-201	ensembl	protein_coding	32512064	32514374	2311	ENSGALP00010002416	1	ENSGALP00010002416.1	2	927	32514308	32513598	32512888	32514308	32513598	32512888	32513598	explicit_start_codon	explicit_stop_codon	FALSE	FALSE	FALSE	1	1	1	FALSE	FALSE	0					FALSE	greatest_genomic_span_with_usable_CDS_and_strand;ties_Ensembl_canonical_then_transcript_id	explicit_codon_middle_when_complete_else_terminal_CDS_positional_proxy_in_transcription_order	arithmetic_genomic_midpoint_between_codon_centers	source_gene_symbol	Hox family and number parsed from the Ensembl GTF gene_name.	FALSE		https://ftp.ensembl.org/pub/release-116/gtf/gallus_gallus/Gallus_gallus.bGalGal1.mat.broiler.GRCg7b.116.chr.gtf.gz	Gallus_gallus.bGalGal1.mat.broiler.GRCg7b.116.chr.gtf.gz	786501f79c39e1b2b9547f2bf033f87e43feb5a443e1d41d5135c2e05f238c6c
chicken	chicken	Chicken	Gallus gallus	bGalGal1.mat.broiler.GRCg7b	GCA_016699485.1	Ensembl	116	chicken	A	A	A	A	A	3	13	Hox3	Hox3	HOXA3	ENSGALG00010001801	1	ENSGALG00010001801.1	ensembl	protein_coding	2	32491888	32510667	-	ENSGALT00010004101	1	ENSGALT00010004101.1	HOXA3-202	ensembl	protein_coding	32491890	32510667	18778	ENSGALP00010002398	1	ENSGALP00010002398.1	2	1239	32495425	32494118	32492811	32495425	32494118	32492811	32494118	explicit_start_codon	explicit_stop_codon	FALSE	FALSE	FALSE	2	2	2	FALSE	FALSE	0					FALSE	greatest_genomic_span_with_usable_CDS_and_strand;ties_Ensembl_canonical_then_transcript_id	explicit_codon_middle_when_complete_else_terminal_CDS_positional_proxy_in_transcription_order	arithmetic_genomic_midpoint_between_codon_centers	source_gene_symbol	Hox family and number parsed from the Ensembl GTF gene_name.	FALSE		https://ftp.ensembl.org/pub/release-116/gtf/gallus_gallus/Gallus_gallus.bGalGal1.mat.broiler.GRCg7b.116.chr.gtf.gz	Gallus_gallus.bGalGal1.mat.broiler.GRCg7b.116.chr.gtf.gz	786501f79c39e1b2b9547f2bf033f87e43feb5a443e1d41d5135c2e05f238c6c
chicken	chicken	Chicken	Gallus gallus	bGalGal1.mat.broiler.GRCg7b	GCA_016699485.1	Ensembl	116	chicken	A	A	A	A	A	2	14	Hox2	Hox2	HOXA2	ENSGALG00010001790	1	ENSGALG00010001790.1	ensembl	protein_coding	2	32485579	32487851	-	ENSGALT00010004079	1	ENSGALT00010004079.1	HOXA2-201	ensembl	protein_coding	32485579	32487851	2273	ENSGALP00010002376	1	ENSGALP00010002376.1	2	1125	32487669	32486806.5	32485944	32487669	32486806.5	32485944	32486806.5	explicit_start_codon	explicit_stop_codon	FALSE	FALSE	FALSE	1	1	1	FALSE	FALSE	0					FALSE	greatest_genomic_span_with_usable_CDS_and_strand;ties_Ensembl_canonical_then_transcript_id	explicit_codon_middle_when_complete_else_terminal_CDS_positional_proxy_in_transcription_order	arithmetic_genomic_midpoint_between_codon_centers	source_gene_symbol	Hox family and number parsed from the Ensembl GTF gene_name.	FALSE		https://ftp.ensembl.org/pub/release-116/gtf/gallus_gallus/Gallus_gallus.bGalGal1.mat.broiler.GRCg7b.116.chr.gtf.gz	Gallus_gallus.bGalGal1.mat.broiler.GRCg7b.116.chr.gtf.gz	786501f79c39e1b2b9547f2bf033f87e43feb5a443e1d41d5135c2e05f238c6c
chicken	chicken	Chicken	Gallus gallus	bGalGal1.mat.broiler.GRCg7b	GCA_016699485.1	Ensembl	116	chicken	A	A	A	A	A	1	15	Hox1	Hox1	HOXA1	ENSGALG00010001788	1	ENSGALG00010001788.1	ensembl	protein_coding	2	32479296	32481746	-	ENSGALT00010004070	1	ENSGALT00010004070.1	HOXA1-201	ensembl	protein_coding	32479296	32481746	2451	ENSGALP00010002367	1	ENSGALP00010002367.1	2	960	32481557	32480892.5	32480228	32481557	32480892.5	32480228	32480892.5	explicit_start_codon	explicit_stop_codon	FALSE	FALSE	FALSE	1	1	1	FALSE	FALSE	0					TRUE	greatest_genomic_span_with_usable_CDS_and_strand;ties_Ensembl_canonical_then_transcript_id	explicit_codon_middle_when_complete_else_terminal_CDS_positional_proxy_in_transcription_order	arithmetic_genomic_midpoint_between_codon_centers	source_gene_symbol	Hox family and number parsed from the Ensembl GTF gene_name.	FALSE		https://ftp.ensembl.org/pub/release-116/gtf/gallus_gallus/Gallus_gallus.bGalGal1.mat.broiler.GRCg7b.116.chr.gtf.gz	Gallus_gallus.bGalGal1.mat.broiler.GRCg7b.116.chr.gtf.gz	786501f79c39e1b2b9547f2bf033f87e43feb5a443e1d41d5135c2e05f238c6c
chicken	chicken	Chicken	Gallus gallus	bGalGal1.mat.broiler.GRCg7b	GCA_016699485.1	Ensembl	116	chicken	B	B	B	B	B	13	3	Hox13	Hox13	HOXB13	ENSGALG00010026052	1	ENSGALG00010026052.1	ensembl	protein_coding	27	3350872	3352798	+	ENSGALT00010063516	1	ENSGALT00010063516.1	HOXB13-201	ensembl	protein_coding	3350872	3352798	1927	ENSGALP00010039208	1	ENSGALP00010039208.1	2	837	3350931	3351726.5	3352522	3350931	3351726.5	3352522	3351726.5	explicit_start_codon	explicit_stop_codon	FALSE	FALSE	FALSE	1	1	1	FALSE	FALSE	0					TRUE	greatest_genomic_span_with_usable_CDS_and_strand;ties_Ensembl_canonical_then_transcript_id	explicit_codon_middle_when_complete_else_terminal_CDS_positional_proxy_in_transcription_order	arithmetic_genomic_midpoint_between_codon_centers	source_gene_symbol	Hox family and number parsed from the Ensembl GTF gene_name.	FALSE		https://ftp.ensembl.org/pub/release-116/gtf/gallus_gallus/Gallus_gallus.bGalGal1.mat.broiler.GRCg7b.116.chr.gtf.gz	Gallus_gallus.bGalGal1.mat.broiler.GRCg7b.116.chr.gtf.gz	786501f79c39e1b2b9547f2bf033f87e43feb5a443e1d41d5135c2e05f238c6c
chicken	chicken	Chicken	Gallus gallus	bGalGal1.mat.broiler.GRCg7b	GCA_016699485.1	Ensembl	116	chicken	B	B	B	B	B	9	7	Hox9	Hox9	HOXB9	ENSGALG00010026782	1	ENSGALG00010026782.1	ensembl	protein_coding	27	3389757	3396989	+	ENSGALT00010064966	1	ENSGALT00010064966.1	HOXB9-202	ensembl	protein_coding	3389811	3396989	7179	ENSGALP00010039674	1	ENSGALP00010039674.1	2	741	3389885	3391883.5	3393882	3389885	3391883.5	3393882	3391883.5	explicit_start_codon	explicit_stop_codon	FALSE	FALSE	FALSE	2	2	2	FALSE	FALSE	0					FALSE	greatest_genomic_span_with_usable_CDS_and_strand;ties_Ensembl_canonical_then_transcript_id	explicit_codon_middle_when_complete_else_terminal_CDS_positional_proxy_in_transcription_order	arithmetic_genomic_midpoint_between_codon_centers	source_gene_symbol	Hox family and number parsed from the Ensembl GTF gene_name.	FALSE		https://ftp.ensembl.org/pub/release-116/gtf/gallus_gallus/Gallus_gallus.bGalGal1.mat.broiler.GRCg7b.116.chr.gtf.gz	Gallus_gallus.bGalGal1.mat.broiler.GRCg7b.116.chr.gtf.gz	786501f79c39e1b2b9547f2bf033f87e43feb5a443e1d41d5135c2e05f238c6c
chicken	chicken	Chicken	Gallus gallus	bGalGal1.mat.broiler.GRCg7b	GCA_016699485.1	Ensembl	116	chicken	B	B	B	B	B	8	8	Hox8	Hox8	HOXB8	ENSGALG00010021446	1	ENSGALG00010021446.1	ensembl	protein_coding	27	3402859	3404508	+	ENSGALT00010052000	1	ENSGALT00010052000.1	HOXB8-201	ensembl	protein_coding	3402859	3404508	1650	ENSGALP00010031038	1	ENSGALP00010031038.1	2	723	3402901	3403678	3404455	3402901	3403678	3404455	3403678	explicit_start_codon	explicit_stop_codon	FALSE	FALSE	FALSE	1	1	1	FALSE	FALSE	0					FALSE	greatest_genomic_span_with_usable_CDS_and_strand;ties_Ensembl_canonical_then_transcript_id	explicit_codon_middle_when_complete_else_terminal_CDS_positional_proxy_in_transcription_order	arithmetic_genomic_midpoint_between_codon_centers	source_gene_symbol	Hox family and number parsed from the Ensembl GTF gene_name.	FALSE		https://ftp.ensembl.org/pub/release-116/gtf/gallus_gallus/Gallus_gallus.bGalGal1.mat.broiler.GRCg7b.116.chr.gtf.gz	Gallus_gallus.bGalGal1.mat.broiler.GRCg7b.116.chr.gtf.gz	786501f79c39e1b2b9547f2bf033f87e43feb5a443e1d41d5135c2e05f238c6c
chicken	chicken	Chicken	Gallus gallus	bGalGal1.mat.broiler.GRCg7b	GCA_016699485.1	Ensembl	116	chicken	B	B	B	B	B	7	9	Hox7	Hox7	HOXB7	ENSGALG00010023381	1	ENSGALG00010023381.1	ensembl	protein_coding	27	3405939	3410997	+	ENSGALT00010056984	1	ENSGALT00010056984.1	HOXB7-201	ensembl	protein_coding	3405939	3410997	5059	ENSGALP00010034652	1	ENSGALP00010034652.1	2	651	3407030	3408661.5	3410293	3407030	3408661.5	3410293	3408661.5	explicit_start_codon	explicit_stop_codon	FALSE	FALSE	FALSE	1	1	1	FALSE	FALSE	0					TRUE	greatest_genomic_span_with_usable_CDS_and_strand;ties_Ensembl_canonical_then_transcript_id	explicit_codon_middle_when_complete_else_terminal_CDS_positional_proxy_in_transcription_order	arithmetic_genomic_midpoint_between_codon_centers	source_gene_symbol	Hox family and number parsed from the Ensembl GTF gene_name.	FALSE		https://ftp.ensembl.org/pub/release-116/gtf/gallus_gallus/Gallus_gallus.bGalGal1.mat.broiler.GRCg7b.116.chr.gtf.gz	Gallus_gallus.bGalGal1.mat.broiler.GRCg7b.116.chr.gtf.gz	786501f79c39e1b2b9547f2bf033f87e43feb5a443e1d41d5135c2e05f238c6c
chicken	chicken	Chicken	Gallus gallus	bGalGal1.mat.broiler.GRCg7b	GCA_016699485.1	Ensembl	116	chicken	B	B	B	B	B	6	10	Hox6	Hox6	HOXB6	ENSGALG00010023383	1	ENSGALG00010023383.1	ensembl	protein_coding	27	3413148	3424695	+	ENSGALT00010056993	1	ENSGALT00010056993.1	HOXB6-201	ensembl	protein_coding	3413148	3424695	11548	ENSGALP00010034659	1	ENSGALP00010034659.1	2	666	3420606	3421586	3422566	3420606	3421586	3422566	3421586	explicit_start_codon	explicit_stop_codon	FALSE	FALSE	FALSE	1	1	1	FALSE	FALSE	0					FALSE	greatest_genomic_span_with_usable_CDS_and_strand;ties_Ensembl_canonical_then_transcript_id	explicit_codon_middle_when_complete_else_terminal_CDS_positional_proxy_in_transcription_order	arithmetic_genomic_midpoint_between_codon_centers	source_gene_symbol	Hox family and number parsed from the Ensembl GTF gene_name.	FALSE		https://ftp.ensembl.org/pub/release-116/gtf/gallus_gallus/Gallus_gallus.bGalGal1.mat.broiler.GRCg7b.116.chr.gtf.gz	Gallus_gallus.bGalGal1.mat.broiler.GRCg7b.116.chr.gtf.gz	786501f79c39e1b2b9547f2bf033f87e43feb5a443e1d41d5135c2e05f238c6c
chicken	chicken	Chicken	Gallus gallus	bGalGal1.mat.broiler.GRCg7b	GCA_016699485.1	Ensembl	116	chicken	B	B	B	B	B	5	11	Hox5	Hox5	HOXB5	ENSGALG00010023394	1	ENSGALG00010023394.1	ensembl	protein_coding	27	3425719	3428065	+	ENSGALT00010057020	1	ENSGALT00010057020.1	HOXB5-201	ensembl	protein_coding	3425719	3428065	2347	ENSGALP00010034679	1	ENSGALP00010034679.1	2	792	3425780	3426665	3427550	3425780	3426665	3427550	3426665	explicit_start_codon	explicit_stop_codon	FALSE	FALSE	FALSE	1	1	1	FALSE	FALSE	0					FALSE	greatest_genomic_span_with_usable_CDS_and_strand;ties_Ensembl_canonical_then_transcript_id	explicit_codon_middle_when_complete_else_terminal_CDS_positional_proxy_in_transcription_order	arithmetic_genomic_midpoint_between_codon_centers	source_gene_symbol	Hox family and number parsed from the Ensembl GTF gene_name.	FALSE		https://ftp.ensembl.org/pub/release-116/gtf/gallus_gallus/Gallus_gallus.bGalGal1.mat.broiler.GRCg7b.116.chr.gtf.gz	Gallus_gallus.bGalGal1.mat.broiler.GRCg7b.116.chr.gtf.gz	786501f79c39e1b2b9547f2bf033f87e43feb5a443e1d41d5135c2e05f238c6c
chicken	chicken	Chicken	Gallus gallus	bGalGal1.mat.broiler.GRCg7b	GCA_016699485.1	Ensembl	116	chicken	B	B	B	B	B	4	12	Hox4	Hox4	HOXB4	ENSGALG00010023415	1	ENSGALG00010023415.1	ensembl	protein_coding	27	3439453	3448237	+	ENSGALT00010057082	1	ENSGALT00010057082.1	HOXB4-201	ensembl	protein_coding	3439453	3448237	8785	ENSGALP00010034719	1	ENSGALP00010034719.1	3	747	3439538	3442107.5	3444677	3439538	3442107.5	3444677	3442107.5	explicit_start_codon	explicit_stop_codon	FALSE	FALSE	FALSE	3	3	3	FALSE	FALSE	0					FALSE	greatest_genomic_span_with_usable_CDS_and_strand;ties_Ensembl_canonical_then_transcript_id	explicit_codon_middle_when_complete_else_terminal_CDS_positional_proxy_in_transcription_order	arithmetic_genomic_midpoint_between_codon_centers	source_gene_symbol	Hox family and number parsed from the Ensembl GTF gene_name.	FALSE		https://ftp.ensembl.org/pub/release-116/gtf/gallus_gallus/Gallus_gallus.bGalGal1.mat.broiler.GRCg7b.116.chr.gtf.gz	Gallus_gallus.bGalGal1.mat.broiler.GRCg7b.116.chr.gtf.gz	786501f79c39e1b2b9547f2bf033f87e43feb5a443e1d41d5135c2e05f238c6c
chicken	chicken	Chicken	Gallus gallus	bGalGal1.mat.broiler.GRCg7b	GCA_016699485.1	Ensembl	116	chicken	B	B	B	B	B	3	13	Hox3	Hox3	HOXB3	ENSGALG00010023428	1	ENSGALG00010023428.1	ensembl	protein_coding	27	3460154	3472771	+	ENSGALT00010057098	1	ENSGALT00010057098.1	HOXB3-201	ensembl	protein_coding	3460154	3472771	12618	ENSGALP00010034731	1	ENSGALP00010034731.1	2	1197	3468941	3470064	3471187	3468941	3470064	3471187	3470064	explicit_start_codon	explicit_stop_codon	FALSE	FALSE	FALSE	1	1	1	FALSE	FALSE	0					FALSE	greatest_genomic_span_with_usable_CDS_and_strand;ties_Ensembl_canonical_then_transcript_id	explicit_codon_middle_when_complete_else_terminal_CDS_positional_proxy_in_transcription_order	arithmetic_genomic_midpoint_between_codon_centers	source_gene_symbol	Hox family and number parsed from the Ensembl GTF gene_name.	FALSE		https://ftp.ensembl.org/pub/release-116/gtf/gallus_gallus/Gallus_gallus.bGalGal1.mat.broiler.GRCg7b.116.chr.gtf.gz	Gallus_gallus.bGalGal1.mat.broiler.GRCg7b.116.chr.gtf.gz	786501f79c39e1b2b9547f2bf033f87e43feb5a443e1d41d5135c2e05f238c6c
chicken	chicken	Chicken	Gallus gallus	bGalGal1.mat.broiler.GRCg7b	GCA_016699485.1	Ensembl	116	chicken	B	B	B	B	B	2	14	Hox2	Hox2	HOXB2	ENSGALG00010023438	1	ENSGALG00010023438.1	ensembl	protein_coding	27	3476821	3479760	+	ENSGALT00010057108	1	ENSGALT00010057108.1	HOXB2-201	ensembl	protein_coding	3476821	3479760	2940	ENSGALP00010034739	1	ENSGALP00010034739.1	2	969	3477005	3478110	3479215	3477005	3478110	3479215	3478110	explicit_start_codon	explicit_stop_codon	FALSE	FALSE	FALSE	1	1	1	FALSE	FALSE	0					TRUE	greatest_genomic_span_with_usable_CDS_and_strand;ties_Ensembl_canonical_then_transcript_id	explicit_codon_middle_when_complete_else_terminal_CDS_positional_proxy_in_transcription_order	arithmetic_genomic_midpoint_between_codon_centers	source_gene_symbol	Hox family and number parsed from the Ensembl GTF gene_name.	FALSE		https://ftp.ensembl.org/pub/release-116/gtf/gallus_gallus/Gallus_gallus.bGalGal1.mat.broiler.GRCg7b.116.chr.gtf.gz	Gallus_gallus.bGalGal1.mat.broiler.GRCg7b.116.chr.gtf.gz	786501f79c39e1b2b9547f2bf033f87e43feb5a443e1d41d5135c2e05f238c6c
chicken	chicken	Chicken	Gallus gallus	bGalGal1.mat.broiler.GRCg7b	GCA_016699485.1	Ensembl	116	chicken	B	B	B	B	B	1	15	Hox1	Hox1	HOXB1	ENSGALG00010023454	1	ENSGALG00010023454.1	ensembl	protein_coding	27	3487287	3490152	+	ENSGALT00010057143	1	ENSGALT00010057143.1	HOXB1-201	ensembl	protein_coding	3487287	3490152	2866	ENSGALP00010034759	1	ENSGALP00010034759.1	2	930	3487404	3488221.5	3489039	3487404	3488221.5	3489039	3488221.5	explicit_start_codon	explicit_stop_codon	FALSE	FALSE	FALSE	1	1	1	FALSE	FALSE	0					FALSE	greatest_genomic_span_with_usable_CDS_and_strand;ties_Ensembl_canonical_then_transcript_id	explicit_codon_middle_when_complete_else_terminal_CDS_positional_proxy_in_transcription_order	arithmetic_genomic_midpoint_between_codon_centers	source_gene_symbol	Hox family and number parsed from the Ensembl GTF gene_name.	FALSE		https://ftp.ensembl.org/pub/release-116/gtf/gallus_gallus/Gallus_gallus.bGalGal1.mat.broiler.GRCg7b.116.chr.gtf.gz	Gallus_gallus.bGalGal1.mat.broiler.GRCg7b.116.chr.gtf.gz	786501f79c39e1b2b9547f2bf033f87e43feb5a443e1d41d5135c2e05f238c6c
chicken	chicken	Chicken	Gallus gallus	bGalGal1.mat.broiler.GRCg7b	GCA_016699485.1	Ensembl	116	chicken	C	C	C	C	C	13	3	Hox13	Hox13	HOXC13	ENSGALG00010025397	1	ENSGALG00010025397.1	ensembl	protein_coding	34	905545	909448	-	ENSGALT00010062008	1	ENSGALT00010062008.1	HOXC13-201	ensembl	protein_coding	905545	909448	3904	ENSGALP00010038297	1	ENSGALP00010038297.1	2	885	909366	907921	906476	909366	907921	906476	907921	explicit_start_codon	explicit_stop_codon	FALSE	FALSE	FALSE	1	1	1	FALSE	FALSE	0					TRUE	greatest_genomic_span_with_usable_CDS_and_strand;ties_Ensembl_canonical_then_transcript_id	explicit_codon_middle_when_complete_else_terminal_CDS_positional_proxy_in_transcription_order	arithmetic_genomic_midpoint_between_codon_centers	source_gene_symbol	Hox family and number parsed from the Ensembl GTF gene_name.	FALSE		https://ftp.ensembl.org/pub/release-116/gtf/gallus_gallus/Gallus_gallus.bGalGal1.mat.broiler.GRCg7b.116.chr.gtf.gz	Gallus_gallus.bGalGal1.mat.broiler.GRCg7b.116.chr.gtf.gz	786501f79c39e1b2b9547f2bf033f87e43feb5a443e1d41d5135c2e05f238c6c
chicken	chicken	Chicken	Gallus gallus	bGalGal1.mat.broiler.GRCg7b	GCA_016699485.1	Ensembl	116	chicken	C	C	C	C	C	12	4	Hox12	Hox12	HOXC12	ENSGALG00010025552	1	ENSGALG00010025552.1	ensembl	protein_coding	34	894619	896519	-	ENSGALT00010062330	1	ENSGALT00010062330.1	HOXC12-201	ensembl	protein_coding	894619	896519	1901	ENSGALP00010038529	1	ENSGALP00010038529.1	2	801	896467	895626	894785	896467	895626	894785	895626	explicit_start_codon	explicit_stop_codon	FALSE	FALSE	FALSE	1	1	1	FALSE	FALSE	0					TRUE	greatest_genomic_span_with_usable_CDS_and_strand;ties_Ensembl_canonical_then_transcript_id	explicit_codon_middle_when_complete_else_terminal_CDS_positional_proxy_in_transcription_order	arithmetic_genomic_midpoint_between_codon_centers	source_gene_symbol	Hox family and number parsed from the Ensembl GTF gene_name.	FALSE		https://ftp.ensembl.org/pub/release-116/gtf/gallus_gallus/Gallus_gallus.bGalGal1.mat.broiler.GRCg7b.116.chr.gtf.gz	Gallus_gallus.bGalGal1.mat.broiler.GRCg7b.116.chr.gtf.gz	786501f79c39e1b2b9547f2bf033f87e43feb5a443e1d41d5135c2e05f238c6c
chicken	chicken	Chicken	Gallus gallus	bGalGal1.mat.broiler.GRCg7b	GCA_016699485.1	Ensembl	116	chicken	C	C	C	C	C	11	5	Hox11	Hox11	HOXC11	ENSGALG00010025719	1	ENSGALG00010025719.1	ensembl	protein_coding	34	872764	876520	-	ENSGALT00010062760	1	ENSGALT00010062760.1	HOXC11-201	ensembl	protein_coding	872764	876520	3757	ENSGALP00010038788	1	ENSGALP00010038788.1	2	900	876143	875024.5	873906	876143	875024.5	873906	875024.5	explicit_start_codon	explicit_stop_codon	FALSE	FALSE	FALSE	1	1	1	FALSE	FALSE	0					TRUE	greatest_genomic_span_with_usable_CDS_and_strand;ties_Ensembl_canonical_then_transcript_id	explicit_codon_middle_when_complete_else_terminal_CDS_positional_proxy_in_transcription_order	arithmetic_genomic_midpoint_between_codon_centers	source_gene_symbol	Hox family and number parsed from the Ensembl GTF gene_name.	FALSE		https://ftp.ensembl.org/pub/release-116/gtf/gallus_gallus/Gallus_gallus.bGalGal1.mat.broiler.GRCg7b.116.chr.gtf.gz	Gallus_gallus.bGalGal1.mat.broiler.GRCg7b.116.chr.gtf.gz	786501f79c39e1b2b9547f2bf033f87e43feb5a443e1d41d5135c2e05f238c6c
chicken	chicken	Chicken	Gallus gallus	bGalGal1.mat.broiler.GRCg7b	GCA_016699485.1	Ensembl	116	chicken	C	C	C	C	C	10	6	Hox10	Hox10	HOXC10	ENSGALG00010025964	1	ENSGALG00010025964.1	ensembl	protein_coding	34	858026	862817	-	ENSGALT00010063303	1	ENSGALT00010063303.1	HOXC10-201	ensembl	protein_coding	858026	862817	4792	ENSGALP00010039076	1	ENSGALP00010039076.1	2	1062	862758	860747	858736	862758	860747	858736	860747	explicit_start_codon	explicit_stop_codon	FALSE	FALSE	FALSE	1	1	1	FALSE	FALSE	0					FALSE	greatest_genomic_span_with_usable_CDS_and_strand;ties_Ensembl_canonical_then_transcript_id	explicit_codon_middle_when_complete_else_terminal_CDS_positional_proxy_in_transcription_order	arithmetic_genomic_midpoint_between_codon_centers	source_gene_symbol	Hox family and number parsed from the Ensembl GTF gene_name.	FALSE		https://ftp.ensembl.org/pub/release-116/gtf/gallus_gallus/Gallus_gallus.bGalGal1.mat.broiler.GRCg7b.116.chr.gtf.gz	Gallus_gallus.bGalGal1.mat.broiler.GRCg7b.116.chr.gtf.gz	786501f79c39e1b2b9547f2bf033f87e43feb5a443e1d41d5135c2e05f238c6c
chicken	chicken	Chicken	Gallus gallus	bGalGal1.mat.broiler.GRCg7b	GCA_016699485.1	Ensembl	116	chicken	C	C	C	C	C	9	7	Hox9	Hox9	HOXC9	ENSGALG00010025958	1	ENSGALG00010025958.1	ensembl	protein_coding	34	844446	847613	-	ENSGALT00010063289	1	ENSGALT00010063289.1	HOXC9-201	ensembl	protein_coding	844446	847613	3168	ENSGALP00010039067	1	ENSGALP00010039067.1	2	786	847376	845958	844540	847376	845958	844540	845958	explicit_start_codon	explicit_stop_codon	FALSE	FALSE	FALSE	1	1	1	FALSE	FALSE	0					FALSE	greatest_genomic_span_with_usable_CDS_and_strand;ties_Ensembl_canonical_then_transcript_id	explicit_codon_middle_when_complete_else_terminal_CDS_positional_proxy_in_transcription_order	arithmetic_genomic_midpoint_between_codon_centers	source_gene_symbol	Hox family and number parsed from the Ensembl GTF gene_name.	FALSE		https://ftp.ensembl.org/pub/release-116/gtf/gallus_gallus/Gallus_gallus.bGalGal1.mat.broiler.GRCg7b.116.chr.gtf.gz	Gallus_gallus.bGalGal1.mat.broiler.GRCg7b.116.chr.gtf.gz	786501f79c39e1b2b9547f2bf033f87e43feb5a443e1d41d5135c2e05f238c6c
chicken	chicken	Chicken	Gallus gallus	bGalGal1.mat.broiler.GRCg7b	GCA_016699485.1	Ensembl	116	chicken	C	C	C	C	C	8	8	Hox8	Hox8	HOXC8	ENSGALG00010025708	1	ENSGALG00010025708.1	ensembl	protein_coding	34	833220	836368	-	ENSGALT00010062742	1	ENSGALT00010062742.1	HOXC8-201	ensembl	protein_coding	833220	836368	3149	ENSGALP00010038783	1	ENSGALP00010038783.1	3	726	835898	834559.5	833221	835898	834559.5	833221	834559.5	explicit_start_codon	explicit_stop_codon	FALSE	FALSE	FALSE	1	1	1	FALSE	FALSE	0					FALSE	greatest_genomic_span_with_usable_CDS_and_strand;ties_Ensembl_canonical_then_transcript_id	explicit_codon_middle_when_complete_else_terminal_CDS_positional_proxy_in_transcription_order	arithmetic_genomic_midpoint_between_codon_centers	source_gene_symbol	Hox family and number parsed from the Ensembl GTF gene_name.	FALSE		https://ftp.ensembl.org/pub/release-116/gtf/gallus_gallus/Gallus_gallus.bGalGal1.mat.broiler.GRCg7b.116.chr.gtf.gz	Gallus_gallus.bGalGal1.mat.broiler.GRCg7b.116.chr.gtf.gz	786501f79c39e1b2b9547f2bf033f87e43feb5a443e1d41d5135c2e05f238c6c
chicken	chicken	Chicken	Gallus gallus	bGalGal1.mat.broiler.GRCg7b	GCA_016699485.1	Ensembl	116	chicken	D	D	D	D	D	13	3	Hox13	Hox13	HOXD13	ENSGALG00010024790	1	ENSGALG00010024790.1	ensembl	protein_coding	7	15947381	15949933	-	ENSGALT00010060513	1	ENSGALT00010060513.1	HOXD13-201	ensembl	protein_coding	15947381	15949933	2553	ENSGALP00010037272	1	ENSGALP00010037272.1	2	909	15949922	15949177.5	15948433	15949922	15949177.5	15948433	15949177.5	explicit_start_codon	explicit_stop_codon	FALSE	FALSE	FALSE	1	1	1	FALSE	FALSE	0					FALSE	greatest_genomic_span_with_usable_CDS_and_strand;ties_Ensembl_canonical_then_transcript_id	explicit_codon_middle_when_complete_else_terminal_CDS_positional_proxy_in_transcription_order	arithmetic_genomic_midpoint_between_codon_centers	source_gene_symbol	Hox family and number parsed from the Ensembl GTF gene_name.	FALSE		https://ftp.ensembl.org/pub/release-116/gtf/gallus_gallus/Gallus_gallus.bGalGal1.mat.broiler.GRCg7b.116.chr.gtf.gz	Gallus_gallus.bGalGal1.mat.broiler.GRCg7b.116.chr.gtf.gz	786501f79c39e1b2b9547f2bf033f87e43feb5a443e1d41d5135c2e05f238c6c
chicken	chicken	Chicken	Gallus gallus	bGalGal1.mat.broiler.GRCg7b	GCA_016699485.1	Ensembl	116	chicken	D	D	D	D	D	12	4	Hox12	Hox12	HOXD12	ENSGALG00010024782	1	ENSGALG00010024782.1	ensembl	protein_coding	7	15941698	15943367	-	ENSGALT00010060498	1	ENSGALT00010060498.1	HOXD12-201	ensembl	protein_coding	15941698	15943367	1670	ENSGALP00010037256	1	ENSGALP00010037256.1	2	798	15943291	15942756.5	15942222	15943291	15942756.5	15942222	15942756.5	explicit_start_codon	explicit_stop_codon	FALSE	FALSE	FALSE	1	1	1	FALSE	FALSE	0					FALSE	greatest_genomic_span_with_usable_CDS_and_strand;ties_Ensembl_canonical_then_transcript_id	explicit_codon_middle_when_complete_else_terminal_CDS_positional_proxy_in_transcription_order	arithmetic_genomic_midpoint_between_codon_centers	source_gene_symbol	Hox family and number parsed from the Ensembl GTF gene_name.	FALSE		https://ftp.ensembl.org/pub/release-116/gtf/gallus_gallus/Gallus_gallus.bGalGal1.mat.broiler.GRCg7b.116.chr.gtf.gz	Gallus_gallus.bGalGal1.mat.broiler.GRCg7b.116.chr.gtf.gz	786501f79c39e1b2b9547f2bf033f87e43feb5a443e1d41d5135c2e05f238c6c
chicken	chicken	Chicken	Gallus gallus	bGalGal1.mat.broiler.GRCg7b	GCA_016699485.1	Ensembl	116	chicken	D	D	D	D	D	11	5	Hox11	Hox11	HOXD11	ENSGALG00010024780	1	ENSGALG00010024780.1	ensembl	protein_coding	7	15934443	15936738	-	ENSGALT00010060493	1	ENSGALT00010060493.1	HOXD11-201	ensembl	protein_coding	15934443	15936738	2296	ENSGALP00010037252	1	ENSGALP00010037252.1	2	837	15936485	15935765.5	15935046	15936485	15935765.5	15935046	15935765.5	explicit_start_codon	explicit_stop_codon	FALSE	FALSE	FALSE	1	1	1	FALSE	FALSE	0					FALSE	greatest_genomic_span_with_usable_CDS_and_strand;ties_Ensembl_canonical_then_transcript_id	explicit_codon_middle_when_complete_else_terminal_CDS_positional_proxy_in_transcription_order	arithmetic_genomic_midpoint_between_codon_centers	source_gene_symbol	Hox family and number parsed from the Ensembl GTF gene_name.	FALSE		https://ftp.ensembl.org/pub/release-116/gtf/gallus_gallus/Gallus_gallus.bGalGal1.mat.broiler.GRCg7b.116.chr.gtf.gz	Gallus_gallus.bGalGal1.mat.broiler.GRCg7b.116.chr.gtf.gz	786501f79c39e1b2b9547f2bf033f87e43feb5a443e1d41d5135c2e05f238c6c
chicken	chicken	Chicken	Gallus gallus	bGalGal1.mat.broiler.GRCg7b	GCA_016699485.1	Ensembl	116	chicken	D	D	D	D	D	10	6	Hox10	Hox10	HOXD10	ENSGALG00010026746	1	ENSGALG00010026746.1	ensembl	protein_coding	7	15922631	15927519	-	ENSGALT00010064884	1	ENSGALT00010064884.1	HOXD10-201	ensembl	protein_coding	15922631	15927501	4871	ENSGALP00010039649	1	ENSGALP00010039649.1	2	963	15927446	15925108.5	15922771	15927446	15925108.5	15922771	15925108.5	explicit_start_codon	explicit_stop_codon	FALSE	FALSE	FALSE	2	2	2	FALSE	FALSE	0					FALSE	greatest_genomic_span_with_usable_CDS_and_strand;ties_Ensembl_canonical_then_transcript_id	explicit_codon_middle_when_complete_else_terminal_CDS_positional_proxy_in_transcription_order	arithmetic_genomic_midpoint_between_codon_centers	source_gene_symbol	Hox family and number parsed from the Ensembl GTF gene_name.	FALSE		https://ftp.ensembl.org/pub/release-116/gtf/gallus_gallus/Gallus_gallus.bGalGal1.mat.broiler.GRCg7b.116.chr.gtf.gz	Gallus_gallus.bGalGal1.mat.broiler.GRCg7b.116.chr.gtf.gz	786501f79c39e1b2b9547f2bf033f87e43feb5a443e1d41d5135c2e05f238c6c
chicken	chicken	Chicken	Gallus gallus	bGalGal1.mat.broiler.GRCg7b	GCA_016699485.1	Ensembl	116	chicken	D	D	D	D	D	9	7	Hox9	Hox9	HOXD9	ENSGALG00010024763	1	ENSGALG00010024763.1	ensembl	protein_coding	7	15919168	15921430	-	ENSGALT00010060450	1	ENSGALT00010060450.1	HOXD9-201	ensembl	protein_coding	15919168	15921430	2263	ENSGALP00010037208	1	ENSGALP00010037208.1	2	897	15921257	15920610	15919963	15921257	15920610	15919963	15920610	explicit_start_codon	explicit_stop_codon	FALSE	FALSE	FALSE	1	1	1	FALSE	FALSE	0					FALSE	greatest_genomic_span_with_usable_CDS_and_strand;ties_Ensembl_canonical_then_transcript_id	explicit_codon_middle_when_complete_else_terminal_CDS_positional_proxy_in_transcription_order	arithmetic_genomic_midpoint_between_codon_centers	source_gene_symbol	Hox family and number parsed from the Ensembl GTF gene_name.	FALSE		https://ftp.ensembl.org/pub/release-116/gtf/gallus_gallus/Gallus_gallus.bGalGal1.mat.broiler.GRCg7b.116.chr.gtf.gz	Gallus_gallus.bGalGal1.mat.broiler.GRCg7b.116.chr.gtf.gz	786501f79c39e1b2b9547f2bf033f87e43feb5a443e1d41d5135c2e05f238c6c
chicken	chicken	Chicken	Gallus gallus	bGalGal1.mat.broiler.GRCg7b	GCA_016699485.1	Ensembl	116	chicken	D	D	D	D	D	8	8	Hox8	Hox8	HOXD8	ENSGALG00010024753	1	ENSGALG00010024753.1	ensembl	protein_coding	7	15913086	15916284	-	ENSGALT00010060426	1	ENSGALT00010060426.1	HOXD8-203	ensembl	protein_coding	15913570	15916284	2715	ENSGALP00010037185	1	ENSGALP00010037185.1	3	546	15916084	15915086	15914088	15916084	15915086	15914088	15915086	explicit_start_codon	explicit_stop_codon	FALSE	FALSE	FALSE	3	3	3	FALSE	FALSE	0					FALSE	greatest_genomic_span_with_usable_CDS_and_strand;ties_Ensembl_canonical_then_transcript_id	explicit_codon_middle_when_complete_else_terminal_CDS_positional_proxy_in_transcription_order	arithmetic_genomic_midpoint_between_codon_centers	source_gene_symbol	Hox family and number parsed from the Ensembl GTF gene_name.	FALSE		https://ftp.ensembl.org/pub/release-116/gtf/gallus_gallus/Gallus_gallus.bGalGal1.mat.broiler.GRCg7b.116.chr.gtf.gz	Gallus_gallus.bGalGal1.mat.broiler.GRCg7b.116.chr.gtf.gz	786501f79c39e1b2b9547f2bf033f87e43feb5a443e1d41d5135c2e05f238c6c
chicken	chicken	Chicken	Gallus gallus	bGalGal1.mat.broiler.GRCg7b	GCA_016699485.1	Ensembl	116	chicken	D	D	D	D	D	4	12	Hox4	Hox4	HOXD4	ENSGALG00010024746	1	ENSGALG00010024746.1	ensembl	protein_coding	7	15898314	15900370	-	ENSGALT00010060408	1	ENSGALT00010060408.1	HOXD4-201	ensembl	protein_coding	15898314	15900370	2057	ENSGALP00010037167	1	ENSGALP00010037167.1	2	711	15900262	15899757.5	15899253	15900262	15899757.5	15899253	15899757.5	explicit_start_codon	explicit_stop_codon	FALSE	FALSE	FALSE	1	1	1	FALSE	FALSE	0					FALSE	greatest_genomic_span_with_usable_CDS_and_strand;ties_Ensembl_canonical_then_transcript_id	explicit_codon_middle_when_complete_else_terminal_CDS_positional_proxy_in_transcription_order	arithmetic_genomic_midpoint_between_codon_centers	source_gene_symbol	Hox family and number parsed from the Ensembl GTF gene_name.	FALSE		https://ftp.ensembl.org/pub/release-116/gtf/gallus_gallus/Gallus_gallus.bGalGal1.mat.broiler.GRCg7b.116.chr.gtf.gz	Gallus_gallus.bGalGal1.mat.broiler.GRCg7b.116.chr.gtf.gz	786501f79c39e1b2b9547f2bf033f87e43feb5a443e1d41d5135c2e05f238c6c
chicken	chicken	Chicken	Gallus gallus	bGalGal1.mat.broiler.GRCg7b	GCA_016699485.1	Ensembl	116	chicken	D	D	D	D	D	3	13	Hox3	Hox3	HOXD3	ENSGALG00010024724	1	ENSGALG00010024724.1	ensembl	protein_coding	7	15883210	15895207	-	ENSGALT00010060354	1	ENSGALT00010060354.1	HOXD3-201	ensembl	protein_coding	15883210	15895207	11998	ENSGALP00010037113	1	ENSGALP00010037113.1	2	1239	15886558	15885778.5	15884999	15886558	15885778.5	15884999	15885778.5	explicit_start_codon	explicit_stop_codon	FALSE	FALSE	FALSE	1	1	1	FALSE	FALSE	0					TRUE	greatest_genomic_span_with_usable_CDS_and_strand;ties_Ensembl_canonical_then_transcript_id	explicit_codon_middle_when_complete_else_terminal_CDS_positional_proxy_in_transcription_order	arithmetic_genomic_midpoint_between_codon_centers	source_gene_symbol	Hox family and number parsed from the Ensembl GTF gene_name.	FALSE		https://ftp.ensembl.org/pub/release-116/gtf/gallus_gallus/Gallus_gallus.bGalGal1.mat.broiler.GRCg7b.116.chr.gtf.gz	Gallus_gallus.bGalGal1.mat.broiler.GRCg7b.116.chr.gtf.gz	786501f79c39e1b2b9547f2bf033f87e43feb5a443e1d41d5135c2e05f238c6c
gar	gar	Spotted gar	Lepisosteus oculatus	LepOcu1	GCA_000242695.1	Ensembl	116	gar	A	A	A	A	A	13	3	Hox13	Hox13	hoxa13b	ENSLOCG00000011842	1	ENSLOCG00000011842.1	ensembl	protein_coding	LG11	41166417	41168881	-	ENSLOCT00000014591	1	ENSLOCT00000014591.1		ensembl	protein_coding	41166417	41168881	2465	ENSLOCP00000014562	1	ENSLOCP00000014562.1	2	885	41168643	41167990.5	41167338	41168643	41167990.5	41167338	41167990.5	explicit_start_codon	explicit_stop_codon	FALSE	FALSE	FALSE	2	2	2	FALSE	FALSE	0					FALSE	greatest_genomic_span_with_usable_CDS_and_strand;ties_Ensembl_canonical_then_transcript_id	explicit_codon_middle_when_complete_else_terminal_CDS_positional_proxy_in_transcription_order	arithmetic_genomic_midpoint_between_codon_centers	manual_Ensembl_xref_and_cluster_collinearity	Ensembl external xref hoxa13b; collinear HoxA13 position.	FALSE		https://ftp.ensembl.org/pub/release-116/gtf/lepisosteus_oculatus/Lepisosteus_oculatus.LepOcu1.116.chr.gtf.gz	Lepisosteus_oculatus.LepOcu1.116.chr.gtf.gz	892b4366b849d2f79851dc92344d65a14e7440700da3ecebc90c14097002013b
gar	gar	Spotted gar	Lepisosteus oculatus	LepOcu1	GCA_000242695.1	Ensembl	116	gar	A	A	A	A	A	11	5	Hox11	Hox11	hoxa11a	ENSLOCG00000011836	1	ENSLOCG00000011836.1	ensembl	protein_coding	LG11	41151168	41152969	-	ENSLOCT00000014583	1	ENSLOCT00000014583.1	hoxa11a-201	ensembl	protein_coding	41151168	41152969	1802	ENSLOCP00000014554	1	ENSLOCP00000014554.1	2	843	41152968	41152068.5	41151169	41152968	41152068.5	41151169	41152068.5	explicit_start_codon	explicit_stop_codon	FALSE	FALSE	FALSE	1	1	1	FALSE	FALSE	0					TRUE	greatest_genomic_span_with_usable_CDS_and_strand;ties_Ensembl_canonical_then_transcript_id	explicit_codon_middle_when_complete_else_terminal_CDS_positional_proxy_in_transcription_order	arithmetic_genomic_midpoint_between_codon_centers	source_gene_symbol	Hox family and number parsed from the Ensembl GTF gene_name.	FALSE		https://ftp.ensembl.org/pub/release-116/gtf/lepisosteus_oculatus/Lepisosteus_oculatus.LepOcu1.116.chr.gtf.gz	Lepisosteus_oculatus.LepOcu1.116.chr.gtf.gz	892b4366b849d2f79851dc92344d65a14e7440700da3ecebc90c14097002013b
gar	gar	Spotted gar	Lepisosteus oculatus	LepOcu1	GCA_000242695.1	Ensembl	116	gar	A	A	A	A	A	10	6	Hox10	Hox10	hoxa10b	ENSLOCG00000011830	1	ENSLOCG00000011830.1	ensembl	protein_coding	LG11	41143480	41145435	-	ENSLOCT00000014576	1	ENSLOCT00000014576.1		ensembl	protein_coding	41143480	41145435	1956	ENSLOCP00000014547	1	ENSLOCP00000014547.1	2	1047	41145434	41144457.5	41143481	41145434	41144457.5	41143481	41144457.5	explicit_start_codon	explicit_stop_codon	FALSE	FALSE	FALSE	1	1	1	FALSE	FALSE	0					TRUE	greatest_genomic_span_with_usable_CDS_and_strand;ties_Ensembl_canonical_then_transcript_id	explicit_codon_middle_when_complete_else_terminal_CDS_positional_proxy_in_transcription_order	arithmetic_genomic_midpoint_between_codon_centers	manual_Ensembl_xref_and_cluster_collinearity	Ensembl external xref hoxa10b; collinear HoxA10 position.	FALSE		https://ftp.ensembl.org/pub/release-116/gtf/lepisosteus_oculatus/Lepisosteus_oculatus.LepOcu1.116.chr.gtf.gz	Lepisosteus_oculatus.LepOcu1.116.chr.gtf.gz	892b4366b849d2f79851dc92344d65a14e7440700da3ecebc90c14097002013b
gar	gar	Spotted gar	Lepisosteus oculatus	LepOcu1	GCA_000242695.1	Ensembl	116	gar	A	A	A	A	A	5	11	Hox5	Hox5	hoxa5a	ENSLOCG00000011819	1	ENSLOCG00000011819.1	ensembl	protein_coding	LG11	41120388	41121964	-	ENSLOCT00000014559	1	ENSLOCT00000014559.1	hoxa5a-201	ensembl	protein_coding	41120388	41121964	1577	ENSLOCP00000014530	1	ENSLOCP00000014530.1	2	813	41121963	41121176	41120389	41121963	41121176	41120389	41121176	explicit_start_codon	explicit_stop_codon	FALSE	FALSE	FALSE	1	1	1	FALSE	FALSE	0					TRUE	greatest_genomic_span_with_usable_CDS_and_strand;ties_Ensembl_canonical_then_transcript_id	explicit_codon_middle_when_complete_else_terminal_CDS_positional_proxy_in_transcription_order	arithmetic_genomic_midpoint_between_codon_centers	source_gene_symbol	Hox family and number parsed from the Ensembl GTF gene_name.	FALSE		https://ftp.ensembl.org/pub/release-116/gtf/lepisosteus_oculatus/Lepisosteus_oculatus.LepOcu1.116.chr.gtf.gz	Lepisosteus_oculatus.LepOcu1.116.chr.gtf.gz	892b4366b849d2f79851dc92344d65a14e7440700da3ecebc90c14097002013b
gar	gar	Spotted gar	Lepisosteus oculatus	LepOcu1	GCA_000242695.1	Ensembl	116	gar	A	A	A	A	A	3	13	Hox3	Hox3	hoxa3a	ENSLOCG00000011801	1	ENSLOCG00000011801.1	ensembl	protein_coding	LG11	41086086	41111387	-	ENSLOCT00000014553	1	ENSLOCT00000014553.1	hoxa3a-202	ensembl	protein_coding	41092359	41099937	7579	ENSLOCP00000014524	1	ENSLOCP00000014524.1	2	1281	41095714	41094037	41092360	41095714	41094037	41092360	41094037	explicit_start_codon	explicit_stop_codon	FALSE	FALSE	FALSE	1	2	1	TRUE	TRUE	1	ENSLOCT00000014539	ENSLOCP00000014510	unsafe_merged_three_homeodomain_transcript_not_assigned	856-aa, 11-CDS merged prediction with HoxA4-, HoxA3-, and HoxA2-like homeodomains; exclude before selecting the coherent HoxA3 isoform.	FALSE	exclude_curated_unsafe_merged_transcripts_then_greatest_genomic_span_with_usable_CDS_and_strand;ties_Ensembl_canonical_then_transcript_id	explicit_codon_middle_when_complete_else_terminal_CDS_positional_proxy_in_transcription_order	arithmetic_genomic_midpoint_between_codon_centers	source_gene_symbol	Hox family and number parsed from the Ensembl GTF gene_name.	TRUE	Ensembl gene/transcript, ZFIN, RefSeq, cluster position, and a Hox3-like homeodomain support HoxA3a; UniProt/TrEMBL W5N1L5.67 conflicts by labelling the same translation Homeobox A4a.	https://ftp.ensembl.org/pub/release-116/gtf/lepisosteus_oculatus/Lepisosteus_oculatus.LepOcu1.116.chr.gtf.gz	Lepisosteus_oculatus.LepOcu1.116.chr.gtf.gz	892b4366b849d2f79851dc92344d65a14e7440700da3ecebc90c14097002013b
gar	gar	Spotted gar	Lepisosteus oculatus	LepOcu1	GCA_000242695.1	Ensembl	116	gar	A	A	A	A	A	1	15	Hox1	Hox1	hoxa1a	ENSLOCG00000011798	1	ENSLOCG00000011798.1	ensembl	protein_coding	LG11	41080532	41081825	-	ENSLOCT00000014534	1	ENSLOCT00000014534.1	hoxa1a-201	ensembl	protein_coding	41080532	41081825	1294	ENSLOCP00000014505	1	ENSLOCP00000014505.1	2	969	41081824	41081178.5	41080533	41081824	41081178.5	41080533	41081178.5	terminal_CDS_positional_proxy	terminal_CDS_positional_proxy	TRUE	TRUE	TRUE	1	1	1	FALSE	FALSE	0					TRUE	greatest_genomic_span_with_usable_CDS_and_strand;ties_Ensembl_canonical_then_transcript_id	explicit_codon_middle_when_complete_else_terminal_CDS_positional_proxy_in_transcription_order	arithmetic_genomic_midpoint_between_codon_centers	source_gene_symbol	Hox family and number parsed from the Ensembl GTF gene_name.	FALSE		https://ftp.ensembl.org/pub/release-116/gtf/lepisosteus_oculatus/Lepisosteus_oculatus.LepOcu1.116.chr.gtf.gz	Lepisosteus_oculatus.LepOcu1.116.chr.gtf.gz	892b4366b849d2f79851dc92344d65a14e7440700da3ecebc90c14097002013b
gar	gar	Spotted gar	Lepisosteus oculatus	LepOcu1	GCA_000242695.1	Ensembl	116	gar	B	B	B	B	B	13	3	Hox13	Hox13	hoxb13a	ENSLOCG00000013457	1	ENSLOCG00000013457.1	ensembl	protein_coding	LG15	9277894	9279916	-	ENSLOCT00000016621	1	ENSLOCT00000016621.1	hoxb13a-201	ensembl	protein_coding	9277894	9279916	2023	ENSLOCP00000016590	1	ENSLOCP00000016590.1	2	921	9279777	9279075	9278373	9279777	9279075	9278373	9279075	explicit_start_codon	explicit_stop_codon	FALSE	FALSE	FALSE	1	1	1	FALSE	FALSE	0					TRUE	greatest_genomic_span_with_usable_CDS_and_strand;ties_Ensembl_canonical_then_transcript_id	explicit_codon_middle_when_complete_else_terminal_CDS_positional_proxy_in_transcription_order	arithmetic_genomic_midpoint_between_codon_centers	source_gene_symbol	Hox family and number parsed from the Ensembl GTF gene_name.	FALSE		https://ftp.ensembl.org/pub/release-116/gtf/lepisosteus_oculatus/Lepisosteus_oculatus.LepOcu1.116.chr.gtf.gz	Lepisosteus_oculatus.LepOcu1.116.chr.gtf.gz	892b4366b849d2f79851dc92344d65a14e7440700da3ecebc90c14097002013b
gar	gar	Spotted gar	Lepisosteus oculatus	LepOcu1	GCA_000242695.1	Ensembl	116	gar	B	B	B	B	B	10	6	Hox10	Hox10	hoxb10a	ENSLOCG00000013455	1	ENSLOCG00000013455.1	ensembl	protein_coding	LG15	9246274	9251554	-	ENSLOCT00000016617	1	ENSLOCT00000016617.1	hoxb10a-201	ensembl	protein_coding	9246274	9251554	5281	ENSLOCP00000016587	1	ENSLOCP00000016587.1	2	906	9250526	9249033	9247540	9250526	9249033	9247540	9249033	explicit_start_codon	explicit_stop_codon	FALSE	FALSE	FALSE	1	1	1	FALSE	FALSE	0					TRUE	greatest_genomic_span_with_usable_CDS_and_strand;ties_Ensembl_canonical_then_transcript_id	explicit_codon_middle_when_complete_else_terminal_CDS_positional_proxy_in_transcription_order	arithmetic_genomic_midpoint_between_codon_centers	source_gene_symbol	Hox family and number parsed from the Ensembl GTF gene_name.	FALSE		https://ftp.ensembl.org/pub/release-116/gtf/lepisosteus_oculatus/Lepisosteus_oculatus.LepOcu1.116.chr.gtf.gz	Lepisosteus_oculatus.LepOcu1.116.chr.gtf.gz	892b4366b849d2f79851dc92344d65a14e7440700da3ecebc90c14097002013b
gar	gar	Spotted gar	Lepisosteus oculatus	LepOcu1	GCA_000242695.1	Ensembl	116	gar	B	B	B	B	B	9	7	Hox9	Hox9	hoxb9a	ENSLOCG00000013453	1	ENSLOCG00000013453.1	ensembl	protein_coding	LG15	9233257	9239126	-	ENSLOCT00000016614	1	ENSLOCT00000016614.1	hoxb9a-201	ensembl	protein_coding	9233257	9239126	5870	ENSLOCP00000016584	1	ENSLOCP00000016584.1	2	747	9239125	9237142	9235159	9239125	9237142	9235159	9237142	explicit_start_codon	explicit_stop_codon	FALSE	FALSE	FALSE	1	1	1	FALSE	FALSE	0					TRUE	greatest_genomic_span_with_usable_CDS_and_strand;ties_Ensembl_canonical_then_transcript_id	explicit_codon_middle_when_complete_else_terminal_CDS_positional_proxy_in_transcription_order	arithmetic_genomic_midpoint_between_codon_centers	source_gene_symbol	Hox family and number parsed from the Ensembl GTF gene_name.	FALSE		https://ftp.ensembl.org/pub/release-116/gtf/lepisosteus_oculatus/Lepisosteus_oculatus.LepOcu1.116.chr.gtf.gz	Lepisosteus_oculatus.LepOcu1.116.chr.gtf.gz	892b4366b849d2f79851dc92344d65a14e7440700da3ecebc90c14097002013b
gar	gar	Spotted gar	Lepisosteus oculatus	LepOcu1	GCA_000242695.1	Ensembl	116	gar	B	B	B	B	B	8	8	Hox8	Hox8	hoxb8b	ENSLOCG00000013451	1	ENSLOCG00000013451.1	ensembl	protein_coding	LG15	9225268	9228039	-	ENSLOCT00000016611	1	ENSLOCT00000016611.1	hoxb8b-201	ensembl	protein_coding	9225268	9228039	2772	ENSLOCP00000016581	1	ENSLOCP00000016581.1	2	735	9227621	9226945	9226269	9227621	9226945	9226269	9226945	explicit_start_codon	explicit_stop_codon	FALSE	FALSE	FALSE	1	1	1	FALSE	FALSE	0					TRUE	greatest_genomic_span_with_usable_CDS_and_strand;ties_Ensembl_canonical_then_transcript_id	explicit_codon_middle_when_complete_else_terminal_CDS_positional_proxy_in_transcription_order	arithmetic_genomic_midpoint_between_codon_centers	source_gene_symbol	Hox family and number parsed from the Ensembl GTF gene_name.	FALSE		https://ftp.ensembl.org/pub/release-116/gtf/lepisosteus_oculatus/Lepisosteus_oculatus.LepOcu1.116.chr.gtf.gz	Lepisosteus_oculatus.LepOcu1.116.chr.gtf.gz	892b4366b849d2f79851dc92344d65a14e7440700da3ecebc90c14097002013b
gar	gar	Spotted gar	Lepisosteus oculatus	LepOcu1	GCA_000242695.1	Ensembl	116	gar	B	B	B	B	B	7	9	Hox7	Hox7	hoxb7a	ENSLOCG00000013448	1	ENSLOCG00000013448.1	ensembl	protein_coding	LG15	9219053	9224772	-	ENSLOCT00000016609	1	ENSLOCT00000016609.1	hoxb7a-201	ensembl	protein_coding	9219053	9224772	5720	ENSLOCP00000016579	1	ENSLOCP00000016579.1	2	666	9224047	9221909.5	9219772	9224047	9221909.5	9219772	9221909.5	explicit_start_codon	explicit_stop_codon	FALSE	FALSE	FALSE	1	1	1	FALSE	FALSE	0					TRUE	greatest_genomic_span_with_usable_CDS_and_strand;ties_Ensembl_canonical_then_transcript_id	explicit_codon_middle_when_complete_else_terminal_CDS_positional_proxy_in_transcription_order	arithmetic_genomic_midpoint_between_codon_centers	source_gene_symbol	Hox family and number parsed from the Ensembl GTF gene_name.	FALSE		https://ftp.ensembl.org/pub/release-116/gtf/lepisosteus_oculatus/Lepisosteus_oculatus.LepOcu1.116.chr.gtf.gz	Lepisosteus_oculatus.LepOcu1.116.chr.gtf.gz	892b4366b849d2f79851dc92344d65a14e7440700da3ecebc90c14097002013b
gar	gar	Spotted gar	Lepisosteus oculatus	LepOcu1	GCA_000242695.1	Ensembl	116	gar	B	B	B	B	B	6	10	Hox6	Hox6	hoxb6a	ENSLOCG00000013443	1	ENSLOCG00000013443.1	ensembl	protein_coding	LG15	9208078	9210126	-	ENSLOCT00000016606	1	ENSLOCT00000016606.1	hoxb6a-201	ensembl	protein_coding	9208078	9210126	2049	ENSLOCP00000016576	1	ENSLOCP00000016576.1	2	684	9210125	9209102	9208079	9210125	9209102	9208079	9209102	explicit_start_codon	explicit_stop_codon	FALSE	FALSE	FALSE	1	1	1	FALSE	FALSE	0					TRUE	greatest_genomic_span_with_usable_CDS_and_strand;ties_Ensembl_canonical_then_transcript_id	explicit_codon_middle_when_complete_else_terminal_CDS_positional_proxy_in_transcription_order	arithmetic_genomic_midpoint_between_codon_centers	source_gene_symbol	Hox family and number parsed from the Ensembl GTF gene_name.	FALSE		https://ftp.ensembl.org/pub/release-116/gtf/lepisosteus_oculatus/Lepisosteus_oculatus.LepOcu1.116.chr.gtf.gz	Lepisosteus_oculatus.LepOcu1.116.chr.gtf.gz	892b4366b849d2f79851dc92344d65a14e7440700da3ecebc90c14097002013b
gar	gar	Spotted gar	Lepisosteus oculatus	LepOcu1	GCA_000242695.1	Ensembl	116	gar	B	B	B	B	B	5	11	Hox5	Hox5	hoxb5a	ENSLOCG00000013440	1	ENSLOCG00000013440.1	ensembl	protein_coding	LG15	9203664	9205242	-	ENSLOCT00000016601	1	ENSLOCT00000016601.1	hoxb5a-201	ensembl	protein_coding	9203664	9205242	1579	ENSLOCP00000016571	1	ENSLOCP00000016571.1	2	843	9205241	9204453	9203665	9205241	9204453	9203665	9204453	explicit_start_codon	explicit_stop_codon	FALSE	FALSE	FALSE	1	1	1	FALSE	FALSE	0					TRUE	greatest_genomic_span_with_usable_CDS_and_strand;ties_Ensembl_canonical_then_transcript_id	explicit_codon_middle_when_complete_else_terminal_CDS_positional_proxy_in_transcription_order	arithmetic_genomic_midpoint_between_codon_centers	source_gene_symbol	Hox family and number parsed from the Ensembl GTF gene_name.	FALSE		https://ftp.ensembl.org/pub/release-116/gtf/lepisosteus_oculatus/Lepisosteus_oculatus.LepOcu1.116.chr.gtf.gz	Lepisosteus_oculatus.LepOcu1.116.chr.gtf.gz	892b4366b849d2f79851dc92344d65a14e7440700da3ecebc90c14097002013b
gar	gar	Spotted gar	Lepisosteus oculatus	LepOcu1	GCA_000242695.1	Ensembl	116	gar	B	B	B	B	B	3	13	Hox3	Hox3	hoxb3a	ENSLOCG00000013436	1	ENSLOCG00000013436.1	ensembl	protein_coding	LG15	9153101	9187590	-	ENSLOCT00000016597	1	ENSLOCT00000016597.1	hoxb3a-202	ensembl	protein_coding	9159545	9183160	23616	ENSLOCP00000016567	1	ENSLOCP00000016567.1	2	1215	9161869	9160707.5	9159546	9161869	9160707.5	9159546	9160707.5	explicit_start_codon	explicit_stop_codon	FALSE	FALSE	FALSE	1	2	1	TRUE	TRUE	1	ENSLOCT00000016594	ENSLOCP00000016564	unsafe_merged_three_homeodomain_transcript_not_assigned	862-aa, 11-CDS merged prediction with HoxB4-, HoxB3-, and HoxB2-like homeodomains; exclude before selecting the coherent HoxB3 isoform.	FALSE	exclude_curated_unsafe_merged_transcripts_then_greatest_genomic_span_with_usable_CDS_and_strand;ties_Ensembl_canonical_then_transcript_id	explicit_codon_middle_when_complete_else_terminal_CDS_positional_proxy_in_transcription_order	arithmetic_genomic_midpoint_between_codon_centers	source_gene_symbol	Hox family and number parsed from the Ensembl GTF gene_name.	FALSE		https://ftp.ensembl.org/pub/release-116/gtf/lepisosteus_oculatus/Lepisosteus_oculatus.LepOcu1.116.chr.gtf.gz	Lepisosteus_oculatus.LepOcu1.116.chr.gtf.gz	892b4366b849d2f79851dc92344d65a14e7440700da3ecebc90c14097002013b
gar	gar	Spotted gar	Lepisosteus oculatus	LepOcu1	GCA_000242695.1	Ensembl	116	gar	B	B	B	B	B	1	15	Hox1	Hox1	HOXB1	ENSLOCG00000013432	1	ENSLOCG00000013432.1	ensembl	protein_coding	LG15	9136489	9138863	-	ENSLOCT00000016589	1	ENSLOCT00000016589.1	HOXB1-201	ensembl	protein_coding	9136489	9138863	2375	ENSLOCP00000016561	1	ENSLOCP00000016561.1	2	933	9138448	9137469	9136490	9138448	9137469	9136490	9137469	explicit_start_codon	explicit_stop_codon	FALSE	FALSE	FALSE	1	1	1	FALSE	FALSE	0					TRUE	greatest_genomic_span_with_usable_CDS_and_strand;ties_Ensembl_canonical_then_transcript_id	explicit_codon_middle_when_complete_else_terminal_CDS_positional_proxy_in_transcription_order	arithmetic_genomic_midpoint_between_codon_centers	source_gene_symbol	Hox family and number parsed from the Ensembl GTF gene_name.	FALSE		https://ftp.ensembl.org/pub/release-116/gtf/lepisosteus_oculatus/Lepisosteus_oculatus.LepOcu1.116.chr.gtf.gz	Lepisosteus_oculatus.LepOcu1.116.chr.gtf.gz	892b4366b849d2f79851dc92344d65a14e7440700da3ecebc90c14097002013b
gar	gar	Spotted gar	Lepisosteus oculatus	LepOcu1	GCA_000242695.1	Ensembl	116	gar	C	C	C	C	C	13	3	Hox13	Hox13	hoxc13b	ENSLOCG00000006295	1	ENSLOCG00000006295.1	ensembl	protein_coding	LG4	15782369	15788156	+	ENSLOCT00000007611	1	ENSLOCT00000007611.1	hoxc13b-201	ensembl	protein_coding	15782369	15788156	5788	ENSLOCP00000007602	1	ENSLOCP00000007602.1	2	921	15782672	15785413.5	15788155	15782672	15785413.5	15788155	15785413.5	explicit_start_codon	explicit_stop_codon	FALSE	FALSE	FALSE	1	1	1	FALSE	FALSE	0					TRUE	greatest_genomic_span_with_usable_CDS_and_strand;ties_Ensembl_canonical_then_transcript_id	explicit_codon_middle_when_complete_else_terminal_CDS_positional_proxy_in_transcription_order	arithmetic_genomic_midpoint_between_codon_centers	source_gene_symbol	Hox family and number parsed from the Ensembl GTF gene_name.	FALSE		https://ftp.ensembl.org/pub/release-116/gtf/lepisosteus_oculatus/Lepisosteus_oculatus.LepOcu1.116.chr.gtf.gz	Lepisosteus_oculatus.LepOcu1.116.chr.gtf.gz	892b4366b849d2f79851dc92344d65a14e7440700da3ecebc90c14097002013b
gar	gar	Spotted gar	Lepisosteus oculatus	LepOcu1	GCA_000242695.1	Ensembl	116	gar	C	C	C	C	C	12	4	Hox12	Hox12	hoxc12a	ENSLOCG00000006304	1	ENSLOCG00000006304.1	ensembl	protein_coding	LG4	15802629	15807252	+	ENSLOCT00000007621	1	ENSLOCT00000007621.1	hoxc12a-201	ensembl	protein_coding	15802629	15807252	4624	ENSLOCP00000007612	1	ENSLOCP00000007612.1	2	834	15802630	15803671	15804712	15802630	15803671	15804712	15803671	terminal_CDS_positional_proxy	explicit_stop_codon	TRUE	FALSE	TRUE	1	1	1	FALSE	FALSE	0					TRUE	greatest_genomic_span_with_usable_CDS_and_strand;ties_Ensembl_canonical_then_transcript_id	explicit_codon_middle_when_complete_else_terminal_CDS_positional_proxy_in_transcription_order	arithmetic_genomic_midpoint_between_codon_centers	source_gene_symbol	Hox family and number parsed from the Ensembl GTF gene_name.	FALSE		https://ftp.ensembl.org/pub/release-116/gtf/lepisosteus_oculatus/Lepisosteus_oculatus.LepOcu1.116.chr.gtf.gz	Lepisosteus_oculatus.LepOcu1.116.chr.gtf.gz	892b4366b849d2f79851dc92344d65a14e7440700da3ecebc90c14097002013b
gar	gar	Spotted gar	Lepisosteus oculatus	LepOcu1	GCA_000242695.1	Ensembl	116	gar	C	C	C	C	C	11	5	Hox11	Hox11	hoxc11a	ENSLOCG00000006316	1	ENSLOCG00000006316.1	ensembl	protein_coding	LG4	15824576	15843891	+	ENSLOCT00000007649	1	ENSLOCT00000007649.1	hoxc11a-202	ensembl	protein_coding	15825406	15843891	18486	ENSLOCP00000007640	1	ENSLOCP00000007640.1	5	1695	15825407	15834648.5	15843890	15825407	15834648.5	15843890	15834648.5	terminal_CDS_positional_proxy	explicit_stop_codon	TRUE	FALSE	TRUE	2	2	2	FALSE	FALSE	0					TRUE	greatest_genomic_span_with_usable_CDS_and_strand;ties_Ensembl_canonical_then_transcript_id	explicit_codon_middle_when_complete_else_terminal_CDS_positional_proxy_in_transcription_order	arithmetic_genomic_midpoint_between_codon_centers	source_gene_symbol	Hox family and number parsed from the Ensembl GTF gene_name.	FALSE		https://ftp.ensembl.org/pub/release-116/gtf/lepisosteus_oculatus/Lepisosteus_oculatus.LepOcu1.116.chr.gtf.gz	Lepisosteus_oculatus.LepOcu1.116.chr.gtf.gz	892b4366b849d2f79851dc92344d65a14e7440700da3ecebc90c14097002013b
gar	gar	Spotted gar	Lepisosteus oculatus	LepOcu1	GCA_000242695.1	Ensembl	116	gar	C	C	C	C	C	5	11	Hox5	Hox5	hoxc5a	ENSLOCG00000006365	1	ENSLOCG00000006365.1	ensembl	protein_coding	LG4	15904039	15905760	+	ENSLOCT00000007689	1	ENSLOCT00000007689.1	hoxc5a-201	ensembl	protein_coding	15904039	15905760	1722	ENSLOCP00000007680	1	ENSLOCP00000007680.1	2	732	15904040	15904899.5	15905759	15904040	15904899.5	15905759	15904899.5	explicit_start_codon	explicit_stop_codon	FALSE	FALSE	FALSE	1	1	1	FALSE	FALSE	0					TRUE	greatest_genomic_span_with_usable_CDS_and_strand;ties_Ensembl_canonical_then_transcript_id	explicit_codon_middle_when_complete_else_terminal_CDS_positional_proxy_in_transcription_order	arithmetic_genomic_midpoint_between_codon_centers	source_gene_symbol	Hox family and number parsed from the Ensembl GTF gene_name.	FALSE		https://ftp.ensembl.org/pub/release-116/gtf/lepisosteus_oculatus/Lepisosteus_oculatus.LepOcu1.116.chr.gtf.gz	Lepisosteus_oculatus.LepOcu1.116.chr.gtf.gz	892b4366b849d2f79851dc92344d65a14e7440700da3ecebc90c14097002013b
gar	gar	Spotted gar	Lepisosteus oculatus	LepOcu1	GCA_000242695.1	Ensembl	116	gar	C	C	C	C	C	4	12	Hox4	Hox4	hoxc4a	ENSLOCG00000006379	1	ENSLOCG00000006379.1	ensembl	protein_coding	LG4	15935827	15937263	+	ENSLOCT00000007709	1	ENSLOCT00000007709.1	hoxc4a-201	ensembl	protein_coding	15935827	15937263	1437	ENSLOCP00000007700	1	ENSLOCP00000007700.1	3	849	15935828	15936545	15937262	15935828	15936545	15937262	15936545	explicit_start_codon	explicit_stop_codon	FALSE	FALSE	FALSE	2	2	2	FALSE	FALSE	0					TRUE	greatest_genomic_span_with_usable_CDS_and_strand;ties_Ensembl_canonical_then_transcript_id	explicit_codon_middle_when_complete_else_terminal_CDS_positional_proxy_in_transcription_order	arithmetic_genomic_midpoint_between_codon_centers	source_gene_symbol	Hox family and number parsed from the Ensembl GTF gene_name.	FALSE		https://ftp.ensembl.org/pub/release-116/gtf/lepisosteus_oculatus/Lepisosteus_oculatus.LepOcu1.116.chr.gtf.gz	Lepisosteus_oculatus.LepOcu1.116.chr.gtf.gz	892b4366b849d2f79851dc92344d65a14e7440700da3ecebc90c14097002013b
gar	gar	Spotted gar	Lepisosteus oculatus	LepOcu1	GCA_000242695.1	Ensembl	116	gar	C	C	C	C	C	3	13	Hox3	Hox3	hoxc3	ENSLOCG00000006407	1	ENSLOCG00000006407.1	ensembl	protein_coding	LG4	15971868	15984747	+	ENSLOCT00000007748	1	ENSLOCT00000007748.1		ensembl	protein_coding	15971868	15984747	12880	ENSLOCP00000007739	1	ENSLOCP00000007739.1	2	1200	15971869	15976933.5	15981998	15971869	15976933.5	15981998	15976933.5	explicit_start_codon	explicit_stop_codon	FALSE	FALSE	FALSE	1	1	1	FALSE	FALSE	0					TRUE	greatest_genomic_span_with_usable_CDS_and_strand;ties_Ensembl_canonical_then_transcript_id	explicit_codon_middle_when_complete_else_terminal_CDS_positional_proxy_in_transcription_order	arithmetic_genomic_midpoint_between_codon_centers	manual_Ensembl_xref_and_cluster_collinearity	Ensembl external xref describes a Hox-D3-like protein; its physical position inside the HoxC cluster fixes the assignment as HoxC3.	FALSE		https://ftp.ensembl.org/pub/release-116/gtf/lepisosteus_oculatus/Lepisosteus_oculatus.LepOcu1.116.chr.gtf.gz	Lepisosteus_oculatus.LepOcu1.116.chr.gtf.gz	892b4366b849d2f79851dc92344d65a14e7440700da3ecebc90c14097002013b
gar	gar	Spotted gar	Lepisosteus oculatus	LepOcu1	GCA_000242695.1	Ensembl	116	gar	D	D	D	D	D	13	3	Hox13	Hox13	HOXD13	ENSLOCG00000007161	1	ENSLOCG00000007161.1	ensembl	protein_coding	LG12	15584944	15587422	-	ENSLOCT00000008672	1	ENSLOCT00000008672.1	HOXD13-202	ensembl	protein_coding	15584944	15587422	2479	ENSLOCP00000008662	1	ENSLOCP00000008662.1	2	864	15587282	15586306	15585330	15587282	15586306	15585330	15586306	explicit_start_codon	explicit_stop_codon	FALSE	FALSE	FALSE	2	2	2	FALSE	FALSE	0					TRUE	greatest_genomic_span_with_usable_CDS_and_strand;ties_Ensembl_canonical_then_transcript_id	explicit_codon_middle_when_complete_else_terminal_CDS_positional_proxy_in_transcription_order	arithmetic_genomic_midpoint_between_codon_centers	source_gene_symbol	Hox family and number parsed from the Ensembl GTF gene_name.	FALSE		https://ftp.ensembl.org/pub/release-116/gtf/lepisosteus_oculatus/Lepisosteus_oculatus.LepOcu1.116.chr.gtf.gz	Lepisosteus_oculatus.LepOcu1.116.chr.gtf.gz	892b4366b849d2f79851dc92344d65a14e7440700da3ecebc90c14097002013b
gar	gar	Spotted gar	Lepisosteus oculatus	LepOcu1	GCA_000242695.1	Ensembl	116	gar	D	D	D	D	D	12	4	Hox12	Hox12	hoxd12a	ENSLOCG00000007146	1	ENSLOCG00000007146.1	ensembl	protein_coding	LG12	15578330	15581175	-	ENSLOCT00000008661	1	ENSLOCT00000008661.1	hoxd12a-201	ensembl	protein_coding	15578330	15581175	2846	ENSLOCP00000008651	1	ENSLOCP00000008651.1	2	810	15580967	15580417	15579867	15580967	15580417	15579867	15580417	terminal_CDS_positional_proxy	explicit_stop_codon	TRUE	FALSE	TRUE	1	1	1	FALSE	FALSE	0					TRUE	greatest_genomic_span_with_usable_CDS_and_strand;ties_Ensembl_canonical_then_transcript_id	explicit_codon_middle_when_complete_else_terminal_CDS_positional_proxy_in_transcription_order	arithmetic_genomic_midpoint_between_codon_centers	source_gene_symbol	Hox family and number parsed from the Ensembl GTF gene_name.	FALSE		https://ftp.ensembl.org/pub/release-116/gtf/lepisosteus_oculatus/Lepisosteus_oculatus.LepOcu1.116.chr.gtf.gz	Lepisosteus_oculatus.LepOcu1.116.chr.gtf.gz	892b4366b849d2f79851dc92344d65a14e7440700da3ecebc90c14097002013b
gar	gar	Spotted gar	Lepisosteus oculatus	LepOcu1	GCA_000242695.1	Ensembl	116	gar	D	D	D	D	D	11	5	Hox11	Hox11	hoxd11a	ENSLOCG00000007133	1	ENSLOCG00000007133.1	ensembl	protein_coding	LG12	15572475	15574846	-	ENSLOCT00000008642	1	ENSLOCT00000008642.1	hoxd11a-201	ensembl	protein_coding	15572475	15574846	2372	ENSLOCP00000008632	1	ENSLOCP00000008632.1	2	921	15574495	15573744.5	15572994	15574495	15573744.5	15572994	15573744.5	terminal_CDS_positional_proxy	explicit_stop_codon	TRUE	FALSE	TRUE	1	1	1	FALSE	FALSE	0					TRUE	greatest_genomic_span_with_usable_CDS_and_strand;ties_Ensembl_canonical_then_transcript_id	explicit_codon_middle_when_complete_else_terminal_CDS_positional_proxy_in_transcription_order	arithmetic_genomic_midpoint_between_codon_centers	source_gene_symbol	Hox family and number parsed from the Ensembl GTF gene_name.	FALSE		https://ftp.ensembl.org/pub/release-116/gtf/lepisosteus_oculatus/Lepisosteus_oculatus.LepOcu1.116.chr.gtf.gz	Lepisosteus_oculatus.LepOcu1.116.chr.gtf.gz	892b4366b849d2f79851dc92344d65a14e7440700da3ecebc90c14097002013b
gar	gar	Spotted gar	Lepisosteus oculatus	LepOcu1	GCA_000242695.1	Ensembl	116	gar	D	D	D	D	D	10	6	Hox10	Hox10	hoxd10a	ENSLOCG00000007118	1	ENSLOCG00000007118.1	ensembl	protein_coding	LG12	15564654	15568227	-	ENSLOCT00000008627	1	ENSLOCT00000008627.1	hoxd10a-201	ensembl	protein_coding	15564654	15568227	3574	ENSLOCP00000008617	1	ENSLOCP00000008617.1	2	1011	15567302	15566259.5	15565217	15567302	15566259.5	15565217	15566259.5	explicit_start_codon	explicit_stop_codon	FALSE	FALSE	FALSE	1	1	1	FALSE	FALSE	0					TRUE	greatest_genomic_span_with_usable_CDS_and_strand;ties_Ensembl_canonical_then_transcript_id	explicit_codon_middle_when_complete_else_terminal_CDS_positional_proxy_in_transcription_order	arithmetic_genomic_midpoint_between_codon_centers	source_gene_symbol	Hox family and number parsed from the Ensembl GTF gene_name.	FALSE		https://ftp.ensembl.org/pub/release-116/gtf/lepisosteus_oculatus/Lepisosteus_oculatus.LepOcu1.116.chr.gtf.gz	Lepisosteus_oculatus.LepOcu1.116.chr.gtf.gz	892b4366b849d2f79851dc92344d65a14e7440700da3ecebc90c14097002013b
gar	gar	Spotted gar	Lepisosteus oculatus	LepOcu1	GCA_000242695.1	Ensembl	116	gar	D	D	D	D	D	9	7	Hox9	Hox9	hoxd9a	ENSLOCG00000007106	1	ENSLOCG00000007106.1	ensembl	protein_coding	LG12	15558473	15561564	-	ENSLOCT00000008613	1	ENSLOCT00000008613.1		ensembl	protein_coding	15558473	15561564	3092	ENSLOCP00000008603	1	ENSLOCP00000008603.1	2	792	15561563	15560998	15560433	15561563	15560998	15560433	15560998	explicit_start_codon	explicit_stop_codon	FALSE	FALSE	FALSE	1	1	1	FALSE	FALSE	0					TRUE	greatest_genomic_span_with_usable_CDS_and_strand;ties_Ensembl_canonical_then_transcript_id	explicit_codon_middle_when_complete_else_terminal_CDS_positional_proxy_in_transcription_order	arithmetic_genomic_midpoint_between_codon_centers	manual_Ensembl_xref_and_cluster_collinearity	Ensembl external xref hoxd9a; collinear HoxD9 position.	FALSE		https://ftp.ensembl.org/pub/release-116/gtf/lepisosteus_oculatus/Lepisosteus_oculatus.LepOcu1.116.chr.gtf.gz	Lepisosteus_oculatus.LepOcu1.116.chr.gtf.gz	892b4366b849d2f79851dc92344d65a14e7440700da3ecebc90c14097002013b
gar	gar	Spotted gar	Lepisosteus oculatus	LepOcu1	GCA_000242695.1	Ensembl	116	gar	D	D	D	D	D	8	8	Hox8	Hox8	hoxd8	ENSLOCG00000007085	1	ENSLOCG00000007085.1	ensembl	protein_coding	LG12	15554158	15555850	-	ENSLOCT00000008589	1	ENSLOCT00000008589.1		ensembl	protein_coding	15554158	15555850	1693	ENSLOCP00000008579	1	ENSLOCP00000008579.1	2	732	15555849	15555367.5	15554886	15555849	15555367.5	15554886	15555367.5	terminal_CDS_positional_proxy	explicit_stop_codon	TRUE	FALSE	TRUE	1	1	1	FALSE	FALSE	0					TRUE	greatest_genomic_span_with_usable_CDS_and_strand;ties_Ensembl_canonical_then_transcript_id	explicit_codon_middle_when_complete_else_terminal_CDS_positional_proxy_in_transcription_order	arithmetic_genomic_midpoint_between_codon_centers	manual_Ensembl_xref_and_cluster_collinearity	Ensembl external xref homeobox protein Hox-D8; collinear HoxD8 position.	FALSE		https://ftp.ensembl.org/pub/release-116/gtf/lepisosteus_oculatus/Lepisosteus_oculatus.LepOcu1.116.chr.gtf.gz	Lepisosteus_oculatus.LepOcu1.116.chr.gtf.gz	892b4366b849d2f79851dc92344d65a14e7440700da3ecebc90c14097002013b
gar	gar	Spotted gar	Lepisosteus oculatus	LepOcu1	GCA_000242695.1	Ensembl	116	gar	D	D	D	D	D	4	12	Hox4	Hox4	hoxd4a	ENSLOCG00000007074	1	ENSLOCG00000007074.1	ensembl	protein_coding	LG12	15542331	15543515	-	ENSLOCT00000008571	1	ENSLOCT00000008571.1	hoxd4a-201	ensembl	protein_coding	15542331	15543515	1185	ENSLOCP00000008561	1	ENSLOCP00000008561.1	2	768	15543514	15542923	15542332	15543514	15542923	15542332	15542923	terminal_CDS_positional_proxy	explicit_stop_codon	TRUE	FALSE	TRUE	1	1	1	FALSE	FALSE	0					TRUE	greatest_genomic_span_with_usable_CDS_and_strand;ties_Ensembl_canonical_then_transcript_id	explicit_codon_middle_when_complete_else_terminal_CDS_positional_proxy_in_transcription_order	arithmetic_genomic_midpoint_between_codon_centers	source_gene_symbol	Hox family and number parsed from the Ensembl GTF gene_name.	FALSE		https://ftp.ensembl.org/pub/release-116/gtf/lepisosteus_oculatus/Lepisosteus_oculatus.LepOcu1.116.chr.gtf.gz	Lepisosteus_oculatus.LepOcu1.116.chr.gtf.gz	892b4366b849d2f79851dc92344d65a14e7440700da3ecebc90c14097002013b
gar	gar	Spotted gar	Lepisosteus oculatus	LepOcu1	GCA_000242695.1	Ensembl	116	gar	D	D	D	D	D	3	13	Hox3	Hox3	hoxd3a	ENSLOCG00000007043	1	ENSLOCG00000007043.1	ensembl	protein_coding	LG12	15525108	15542632	-	ENSLOCT00000008533	1	ENSLOCT00000008533.1	hoxd3a-201	ensembl	protein_coding	15525108	15542632	17525	ENSLOCP00000008523	1	ENSLOCP00000008523.1	2	1182	15527657	15526383	15525109	15527657	15526383	15525109	15526383	explicit_start_codon	explicit_stop_codon	FALSE	FALSE	FALSE	2	2	2	FALSE	FALSE	0					FALSE	greatest_genomic_span_with_usable_CDS_and_strand;ties_Ensembl_canonical_then_transcript_id	explicit_codon_middle_when_complete_else_terminal_CDS_positional_proxy_in_transcription_order	arithmetic_genomic_midpoint_between_codon_centers	source_gene_symbol	Hox family and number parsed from the Ensembl GTF gene_name.	FALSE		https://ftp.ensembl.org/pub/release-116/gtf/lepisosteus_oculatus/Lepisosteus_oculatus.LepOcu1.116.chr.gtf.gz	Lepisosteus_oculatus.LepOcu1.116.chr.gtf.gz	892b4366b849d2f79851dc92344d65a14e7440700da3ecebc90c14097002013b
gar	gar	Spotted gar	Lepisosteus oculatus	LepOcu1	GCA_000242695.1	Ensembl	116	gar	D	D	D	D	D	2	14	Hox2	Hox2	hoxd2	ENSLOCG00000007028	1	ENSLOCG00000007028.1	ensembl	protein_coding	LG12	15521769	15523067	-	ENSLOCT00000008519	1	ENSLOCT00000008519.1		ensembl	protein_coding	15521769	15523067	1299	ENSLOCP00000008509	1	ENSLOCP00000008509.1	2	990	15523066	15522418	15521770	15523066	15522418	15521770	15522418	explicit_start_codon	explicit_stop_codon	FALSE	FALSE	FALSE	1	1	1	FALSE	FALSE	0					TRUE	greatest_genomic_span_with_usable_CDS_and_strand;ties_Ensembl_canonical_then_transcript_id	explicit_codon_middle_when_complete_else_terminal_CDS_positional_proxy_in_transcription_order	arithmetic_genomic_midpoint_between_codon_centers	manual_Ensembl_xref_and_cluster_collinearity	Ensembl external xref homeobox protein Hox-A2-like; its physical position inside the HoxD cluster fixes the assignment as HoxD2.	FALSE		https://ftp.ensembl.org/pub/release-116/gtf/lepisosteus_oculatus/Lepisosteus_oculatus.LepOcu1.116.chr.gtf.gz	Lepisosteus_oculatus.LepOcu1.116.chr.gtf.gz	892b4366b849d2f79851dc92344d65a14e7440700da3ecebc90c14097002013b
gar	gar	Spotted gar	Lepisosteus oculatus	LepOcu1	GCA_000242695.1	Ensembl	116	gar	D	D	D	D	D	1	15	Hox1	Hox1	hoxd1	ENSLOCG00000007019	1	ENSLOCG00000007019.1	ensembl	protein_coding	LG12	15516500	15517571	-	ENSLOCT00000008504	1	ENSLOCT00000008504.1		ensembl	protein_coding	15516500	15517571	1072	ENSLOCP00000008494	1	ENSLOCP00000008494.1	2	879	15517570	15517035.5	15516501	15517570	15517035.5	15516501	15517035.5	explicit_start_codon	terminal_CDS_positional_proxy	FALSE	TRUE	TRUE	1	1	1	FALSE	FALSE	0					TRUE	greatest_genomic_span_with_usable_CDS_and_strand;ties_Ensembl_canonical_then_transcript_id	explicit_codon_middle_when_complete_else_terminal_CDS_positional_proxy_in_transcription_order	arithmetic_genomic_midpoint_between_codon_centers	manual_Ensembl_xref_and_cluster_collinearity	Ensembl external xref homeobox protein Hox-D1; collinear HoxD1 position.	FALSE		https://ftp.ensembl.org/pub/release-116/gtf/lepisosteus_oculatus/Lepisosteus_oculatus.LepOcu1.116.chr.gtf.gz	Lepisosteus_oculatus.LepOcu1.116.chr.gtf.gz	892b4366b849d2f79851dc92344d65a14e7440700da3ecebc90c14097002013b
zebrafish	zebrafish_a	Zebrafish	Danio rerio	GRCz11	GCA_000002035.4	Ensembl	116	zebrafish_a	A	A	A	AA	AA	13	3	Hox13	Hox13	hoxa13a	ENSDARG00000100312	2	ENSDARG00000100312.2	ensembl_havana	protein_coding	19	19729506	19731291	+	ENSDART00000171610	2	ENSDART00000171610.2	hoxa13a-201	ensembl_havana	protein_coding	19729506	19731291	1786	ENSDARP00000135830	1	ENSDARP00000135830.1	2	930	19729609	19730132.5	19730656	19729609	19730132.5	19730656	19730132.5	explicit_start_codon	explicit_stop_codon	FALSE	FALSE	FALSE	1	1	1	FALSE	FALSE	0					TRUE	greatest_genomic_span_with_usable_CDS_and_strand;ties_Ensembl_canonical_then_transcript_id	explicit_codon_middle_when_complete_else_terminal_CDS_positional_proxy_in_transcription_order	arithmetic_genomic_midpoint_between_codon_centers	source_gene_symbol	Hox family and number parsed from the Ensembl GTF gene_name.	FALSE		https://ftp.ensembl.org/pub/release-116/gtf/danio_rerio/Danio_rerio.GRCz11.116.chr.gtf.gz	Danio_rerio.GRCz11.116.chr.gtf.gz	fdca8df68935081e947e970a0b782f03e326446dc833f4bcf960f8febef629b2
zebrafish	zebrafish_a	Zebrafish	Danio rerio	GRCz11	GCA_000002035.4	Ensembl	116	zebrafish_a	A	A	A	AA	AA	11	5	Hox11	Hox11	hoxa11a	ENSDARG00000104162	2	ENSDARG00000104162.2	ensembl_havana	protein_coding	19	19737214	19738923	+	ENSDART00000160283	2	ENSDART00000160283.2	hoxa11a-201	ensembl_havana	protein_coding	19737214	19738923	1710	ENSDARP00000131862	1	ENSDARP00000131862.1	2	852	19737301	19738083.5	19738866	19737301	19738083.5	19738866	19738083.5	explicit_start_codon	explicit_stop_codon	FALSE	FALSE	FALSE	2	2	2	FALSE	FALSE	0					TRUE	greatest_genomic_span_with_usable_CDS_and_strand;ties_Ensembl_canonical_then_transcript_id	explicit_codon_middle_when_complete_else_terminal_CDS_positional_proxy_in_transcription_order	arithmetic_genomic_midpoint_between_codon_centers	source_gene_symbol	Hox family and number parsed from the Ensembl GTF gene_name.	FALSE		https://ftp.ensembl.org/pub/release-116/gtf/danio_rerio/Danio_rerio.GRCz11.116.chr.gtf.gz	Danio_rerio.GRCz11.116.chr.gtf.gz	fdca8df68935081e947e970a0b782f03e326446dc833f4bcf960f8febef629b2
zebrafish	zebrafish_a	Zebrafish	Danio rerio	GRCz11	GCA_000002035.4	Ensembl	116	zebrafish_a	A	A	A	AA	AA	9	7	Hox9	Hox9	hoxa9a	ENSDARG00000105013	2	ENSDARG00000105013.2	ensembl_havana	protein_coding	19	19747430	19752145	+	ENSDART00000166129	2	ENSDART00000166129.2	hoxa9a-201	havana	protein_coding	19747430	19751309	3880	ENSDARP00000139889	1	ENSDARP00000139889.1	2	750	19750179	19750700.5	19751222	19750179	19750700.5	19751222	19750700.5	explicit_start_codon	explicit_stop_codon	FALSE	FALSE	FALSE	2	2	2	FALSE	FALSE	0					FALSE	greatest_genomic_span_with_usable_CDS_and_strand;ties_Ensembl_canonical_then_transcript_id	explicit_codon_middle_when_complete_else_terminal_CDS_positional_proxy_in_transcription_order	arithmetic_genomic_midpoint_between_codon_centers	source_gene_symbol	Hox family and number parsed from the Ensembl GTF gene_name.	FALSE		https://ftp.ensembl.org/pub/release-116/gtf/danio_rerio/Danio_rerio.GRCz11.116.chr.gtf.gz	Danio_rerio.GRCz11.116.chr.gtf.gz	fdca8df68935081e947e970a0b782f03e326446dc833f4bcf960f8febef629b2
zebrafish	zebrafish_a	Zebrafish	Danio rerio	GRCz11	GCA_000002035.4	Ensembl	116	zebrafish_a	A	A	A	AA	AA	5	11	Hox5	Hox5	hoxa5a	ENSDARG00000102501	2	ENSDARG00000102501.2	ensembl_havana	protein_coding	19	19759577	19760971	+	ENSDART00000169480	2	ENSDART00000169480.2	hoxa5a-201	ensembl_havana	protein_coding	19759577	19760971	1395	ENSDARP00000133102	1	ENSDARP00000133102.1	2	795	19759583	19760234	19760885	19759583	19760234	19760885	19760234	explicit_start_codon	explicit_stop_codon	FALSE	FALSE	FALSE	1	1	1	FALSE	FALSE	0					TRUE	greatest_genomic_span_with_usable_CDS_and_strand;ties_Ensembl_canonical_then_transcript_id	explicit_codon_middle_when_complete_else_terminal_CDS_positional_proxy_in_transcription_order	arithmetic_genomic_midpoint_between_codon_centers	source_gene_symbol	Hox family and number parsed from the Ensembl GTF gene_name.	FALSE		https://ftp.ensembl.org/pub/release-116/gtf/danio_rerio/Danio_rerio.GRCz11.116.chr.gtf.gz	Danio_rerio.GRCz11.116.chr.gtf.gz	fdca8df68935081e947e970a0b782f03e326446dc833f4bcf960f8febef629b2
zebrafish	zebrafish_a	Zebrafish	Danio rerio	GRCz11	GCA_000002035.4	Ensembl	116	zebrafish_a	A	A	A	AA	AA	4	12	Hox4	Hox4	hoxa4a	ENSDARG00000100358	2	ENSDARG00000100358.2	havana	protein_coding	19	19750223	19762231	+	ENSDART00000170697	2	ENSDART00000170697.2		havana	protein_coding	19750223	19762231	12009	ENSDARP00000137315	1	ENSDARP00000137315.1	2	486	19750224	19756222.5	19762221	19750224	19756222.5	19762221	19756222.5	terminal_CDS_positional_proxy	explicit_stop_codon	TRUE	FALSE	TRUE	1	1	1	FALSE	FALSE	0					TRUE	greatest_genomic_span_with_usable_CDS_and_strand;ties_Ensembl_canonical_then_transcript_id	explicit_codon_middle_when_complete_else_terminal_CDS_positional_proxy_in_transcription_order	arithmetic_genomic_midpoint_between_codon_centers	manual_stable_ID_history_and_cluster_collinearity	Unnamed Ensembl-116 Havana model at the expected HoxAa4 position; the published hoxa4a model ENSDARG00000057724 maps to this locus.	FALSE		https://ftp.ensembl.org/pub/release-116/gtf/danio_rerio/Danio_rerio.GRCz11.116.chr.gtf.gz	Danio_rerio.GRCz11.116.chr.gtf.gz	fdca8df68935081e947e970a0b782f03e326446dc833f4bcf960f8febef629b2
zebrafish	zebrafish_a	Zebrafish	Danio rerio	GRCz11	GCA_000002035.4	Ensembl	116	zebrafish_a	A	A	A	AA	AA	3	13	Hox3	Hox3	hoxa3a	ENSDARG00000103862	2	ENSDARG00000103862.2	ensembl_havana	protein_coding	19	19754950	19780245	+	ENSDART00000167606	2	ENSDART00000167606.2	hoxa3a-207	havana	protein_coding	19756425	19777710	21286	ENSDARP00000139163	1	ENSDARP00000139163.1	1	24	19777688	19777698.5	19777709	19777688	19777698.5	19777709	19777698.5	explicit_start_codon	terminal_CDS_positional_proxy	FALSE	TRUE	TRUE	9	9	9	FALSE	FALSE	0					FALSE	greatest_genomic_span_with_usable_CDS_and_strand;ties_Ensembl_canonical_then_transcript_id	explicit_codon_middle_when_complete_else_terminal_CDS_positional_proxy_in_transcription_order	arithmetic_genomic_midpoint_between_codon_centers	source_gene_symbol	Hox family and number parsed from the Ensembl GTF gene_name.	FALSE		https://ftp.ensembl.org/pub/release-116/gtf/danio_rerio/Danio_rerio.GRCz11.116.chr.gtf.gz	Danio_rerio.GRCz11.116.chr.gtf.gz	fdca8df68935081e947e970a0b782f03e326446dc833f4bcf960f8febef629b2
zebrafish	zebrafish_a	Zebrafish	Danio rerio	GRCz11	GCA_000002035.4	Ensembl	116	zebrafish_a	A	A	A	AA	AA	1	15	Hox1	Hox1	hoxa1a	ENSDARG00000104307	2	ENSDARG00000104307.2	ensembl_havana	protein_coding	19	19786117	19787752	+	ENSDART00000167757	2	ENSDART00000167757.2	hoxa1a-202	ensembl_havana	protein_coding	19786117	19787752	1636	ENSDARP00000133272	1	ENSDARP00000133272.1	2	987	19786214	19786805	19787396	19786214	19786805	19787396	19786805	explicit_start_codon	explicit_stop_codon	FALSE	FALSE	FALSE	2	2	2	FALSE	FALSE	0					TRUE	greatest_genomic_span_with_usable_CDS_and_strand;ties_Ensembl_canonical_then_transcript_id	explicit_codon_middle_when_complete_else_terminal_CDS_positional_proxy_in_transcription_order	arithmetic_genomic_midpoint_between_codon_centers	source_gene_symbol	Hox family and number parsed from the Ensembl GTF gene_name.	FALSE		https://ftp.ensembl.org/pub/release-116/gtf/danio_rerio/Danio_rerio.GRCz11.116.chr.gtf.gz	Danio_rerio.GRCz11.116.chr.gtf.gz	fdca8df68935081e947e970a0b782f03e326446dc833f4bcf960f8febef629b2
zebrafish	zebrafish_a	Zebrafish	Danio rerio	GRCz11	GCA_000002035.4	Ensembl	116	zebrafish_a	B	B	B	BA	BA	13	3	Hox13	Hox13	hoxb13a	ENSDARG00000056015	7	ENSDARG00000056015.7	ensembl_havana	protein_coding	3	23654233	23655834	+	ENSDART00000078428	5	ENSDART00000078428.5	hoxb13a-201	ensembl_havana	protein_coding	23654233	23655834	1602	ENSDARP00000072890	4	ENSDARP00000072890.4	2	909	23654328	23654998.5	23655669	23654328	23654998.5	23655669	23654998.5	explicit_start_codon	explicit_stop_codon	FALSE	FALSE	FALSE	1	1	1	FALSE	FALSE	0					TRUE	greatest_genomic_span_with_usable_CDS_and_strand;ties_Ensembl_canonical_then_transcript_id	explicit_codon_middle_when_complete_else_terminal_CDS_positional_proxy_in_transcription_order	arithmetic_genomic_midpoint_between_codon_centers	source_gene_symbol	Hox family and number parsed from the Ensembl GTF gene_name.	FALSE		https://ftp.ensembl.org/pub/release-116/gtf/danio_rerio/Danio_rerio.GRCz11.116.chr.gtf.gz	Danio_rerio.GRCz11.116.chr.gtf.gz	fdca8df68935081e947e970a0b782f03e326446dc833f4bcf960f8febef629b2
zebrafish	zebrafish_a	Zebrafish	Danio rerio	GRCz11	GCA_000002035.4	Ensembl	116	zebrafish_a	B	B	B	BA	BA	10	6	Hox10	Hox10	hoxb10a	ENSDARG00000011579	8	ENSDARG00000011579.8	ensembl_havana	protein_coding	3	23669267	23671863	+	ENSDART00000111227	4	ENSDART00000111227.4	hoxb10a-201	ensembl_havana	protein_coding	23669267	23671863	2597	ENSDARP00000099793	3	ENSDARP00000099793.3	2	642	23669318	23670229	23671140	23669318	23670229	23671140	23670229	explicit_start_codon	explicit_stop_codon	FALSE	FALSE	FALSE	1	1	1	FALSE	FALSE	0					TRUE	greatest_genomic_span_with_usable_CDS_and_strand;ties_Ensembl_canonical_then_transcript_id	explicit_codon_middle_when_complete_else_terminal_CDS_positional_proxy_in_transcription_order	arithmetic_genomic_midpoint_between_codon_centers	source_gene_symbol	Hox family and number parsed from the Ensembl GTF gene_name.	FALSE		https://ftp.ensembl.org/pub/release-116/gtf/danio_rerio/Danio_rerio.GRCz11.116.chr.gtf.gz	Danio_rerio.GRCz11.116.chr.gtf.gz	fdca8df68935081e947e970a0b782f03e326446dc833f4bcf960f8febef629b2
zebrafish	zebrafish_a	Zebrafish	Danio rerio	GRCz11	GCA_000002035.4	Ensembl	116	zebrafish_a	B	B	B	BA	BA	9	7	Hox9	Hox9	hoxb9a	ENSDARG00000056023	7	ENSDARG00000056023.7	ensembl_havana	protein_coding	3	23677351	23682436	+	ENSDART00000023674	8	ENSDART00000023674.8	hoxb9a-201	ensembl_havana	protein_coding	23677351	23682436	5086	ENSDARP00000022169	7	ENSDARP00000022169.7	2	747	23677502	23679130	23680758	23677502	23679130	23680758	23679130	explicit_start_codon	explicit_stop_codon	FALSE	FALSE	FALSE	1	1	1	FALSE	FALSE	0					TRUE	greatest_genomic_span_with_usable_CDS_and_strand;ties_Ensembl_canonical_then_transcript_id	explicit_codon_middle_when_complete_else_terminal_CDS_positional_proxy_in_transcription_order	arithmetic_genomic_midpoint_between_codon_centers	source_gene_symbol	Hox family and number parsed from the Ensembl GTF gene_name.	FALSE		https://ftp.ensembl.org/pub/release-116/gtf/danio_rerio/Danio_rerio.GRCz11.116.chr.gtf.gz	Danio_rerio.GRCz11.116.chr.gtf.gz	fdca8df68935081e947e970a0b782f03e326446dc833f4bcf960f8febef629b2
zebrafish	zebrafish_a	Zebrafish	Danio rerio	GRCz11	GCA_000002035.4	Ensembl	116	zebrafish_a	B	B	B	BA	BA	8	8	Hox8	Hox8	hoxb8a	ENSDARG00000056027	7	ENSDARG00000056027.7	ensembl_havana	protein_coding	3	23687909	23690481	+	ENSDART00000046638	8	ENSDART00000046638.8	hoxb8a-201	ensembl_havana	protein_coding	23687909	23690481	2573	ENSDARP00000046637	7	ENSDARP00000046637.7	2	735	23688289	23689034.5	23689780	23688289	23689034.5	23689780	23689034.5	explicit_start_codon	explicit_stop_codon	FALSE	FALSE	FALSE	1	1	1	FALSE	FALSE	0					TRUE	greatest_genomic_span_with_usable_CDS_and_strand;ties_Ensembl_canonical_then_transcript_id	explicit_codon_middle_when_complete_else_terminal_CDS_positional_proxy_in_transcription_order	arithmetic_genomic_midpoint_between_codon_centers	source_gene_symbol	Hox family and number parsed from the Ensembl GTF gene_name.	FALSE		https://ftp.ensembl.org/pub/release-116/gtf/danio_rerio/Danio_rerio.GRCz11.116.chr.gtf.gz	Danio_rerio.GRCz11.116.chr.gtf.gz	fdca8df68935081e947e970a0b782f03e326446dc833f4bcf960f8febef629b2
zebrafish	zebrafish_a	Zebrafish	Danio rerio	GRCz11	GCA_000002035.4	Ensembl	116	zebrafish_a	B	B	B	BA	BA	7	9	Hox7	Hox7	hoxb7a	ENSDARG00000056030	6	ENSDARG00000056030.6	ensembl_havana	protein_coding	3	23691847	23696208	+	ENSDART00000078453	5	ENSDART00000078453.5	hoxb7a-201	ensembl_havana	protein_coding	23691847	23695980	4134	ENSDARP00000072915	4	ENSDARP00000072915.4	2	681	23691848	23693804	23695760	23691848	23693804	23695760	23693804	explicit_start_codon	explicit_stop_codon	FALSE	FALSE	FALSE	2	2	2	FALSE	FALSE	0					TRUE	greatest_genomic_span_with_usable_CDS_and_strand;ties_Ensembl_canonical_then_transcript_id	explicit_codon_middle_when_complete_else_terminal_CDS_positional_proxy_in_transcription_order	arithmetic_genomic_midpoint_between_codon_centers	source_gene_symbol	Hox family and number parsed from the Ensembl GTF gene_name.	FALSE		https://ftp.ensembl.org/pub/release-116/gtf/danio_rerio/Danio_rerio.GRCz11.116.chr.gtf.gz	Danio_rerio.GRCz11.116.chr.gtf.gz	fdca8df68935081e947e970a0b782f03e326446dc833f4bcf960f8febef629b2
zebrafish	zebrafish_a	Zebrafish	Danio rerio	GRCz11	GCA_000002035.4	Ensembl	116	zebrafish_a	B	B	B	BA	BA	6	10	Hox6	Hox6	hoxb6a	ENSDARG00000010630	8	ENSDARG00000010630.8	ensembl_havana	protein_coding	3	23703704	23705746	+	ENSDART00000024256	7	ENSDART00000024256.7	hoxb6a-201	ensembl_havana	protein_coding	23703704	23705746	2043	ENSDARP00000002263	5	ENSDARP00000002263.5	2	684	23703705	23704574	23705443	23703705	23704574	23705443	23704574	explicit_start_codon	explicit_stop_codon	FALSE	FALSE	FALSE	1	1	1	FALSE	FALSE	0					TRUE	greatest_genomic_span_with_usable_CDS_and_strand;ties_Ensembl_canonical_then_transcript_id	explicit_codon_middle_when_complete_else_terminal_CDS_positional_proxy_in_transcription_order	arithmetic_genomic_midpoint_between_codon_centers	source_gene_symbol	Hox family and number parsed from the Ensembl GTF gene_name.	FALSE		https://ftp.ensembl.org/pub/release-116/gtf/danio_rerio/Danio_rerio.GRCz11.116.chr.gtf.gz	Danio_rerio.GRCz11.116.chr.gtf.gz	fdca8df68935081e947e970a0b782f03e326446dc833f4bcf960f8febef629b2
zebrafish	zebrafish_a	Zebrafish	Danio rerio	GRCz11	GCA_000002035.4	Ensembl	116	zebrafish_a	B	B	B	BA	BA	5	11	Hox5	Hox5	hoxb5a	ENSDARG00000013057	8	ENSDARG00000013057.8	ensembl_havana	protein_coding	3	23707691	23710095	+	ENSDART00000025449	8	ENSDART00000025449.8	hoxb5a-201	ensembl_havana	protein_coding	23707691	23710095	2405	ENSDARP00000004270	6	ENSDARP00000004270.6	2	825	23707788	23708508	23709228	23707788	23708508	23709228	23708508	explicit_start_codon	explicit_stop_codon	FALSE	FALSE	FALSE	1	1	1	FALSE	FALSE	0					TRUE	greatest_genomic_span_with_usable_CDS_and_strand;ties_Ensembl_canonical_then_transcript_id	explicit_codon_middle_when_complete_else_terminal_CDS_positional_proxy_in_transcription_order	arithmetic_genomic_midpoint_between_codon_centers	source_gene_symbol	Hox family and number parsed from the Ensembl GTF gene_name.	FALSE		https://ftp.ensembl.org/pub/release-116/gtf/danio_rerio/Danio_rerio.GRCz11.116.chr.gtf.gz	Danio_rerio.GRCz11.116.chr.gtf.gz	fdca8df68935081e947e970a0b782f03e326446dc833f4bcf960f8febef629b2
zebrafish	zebrafish_a	Zebrafish	Danio rerio	GRCz11	GCA_000002035.4	Ensembl	116	zebrafish_a	B	B	B	BA	BA	4	12	Hox4	Hox4	hoxb4a	ENSDARG00000013533	8	ENSDARG00000013533.8	ensembl_havana	protein_coding	3	23710839	23723982	+	ENSDART00000151584	2	ENSDART00000151584.2	hoxb4a-202	ensembl_havana	protein_coding	23710839	23723599	12761	ENSDARP00000125694	1	ENSDARP00000125694.1	2	315	23723172	23723329.5	23723487	23723172	23723329.5	23723487	23723329.5	explicit_start_codon	explicit_stop_codon	FALSE	FALSE	FALSE	2	2	2	FALSE	FALSE	0					FALSE	greatest_genomic_span_with_usable_CDS_and_strand;ties_Ensembl_canonical_then_transcript_id	explicit_codon_middle_when_complete_else_terminal_CDS_positional_proxy_in_transcription_order	arithmetic_genomic_midpoint_between_codon_centers	source_gene_symbol	Hox family and number parsed from the Ensembl GTF gene_name.	FALSE		https://ftp.ensembl.org/pub/release-116/gtf/danio_rerio/Danio_rerio.GRCz11.116.chr.gtf.gz	Danio_rerio.GRCz11.116.chr.gtf.gz	fdca8df68935081e947e970a0b782f03e326446dc833f4bcf960f8febef629b2
zebrafish	zebrafish_a	Zebrafish	Danio rerio	GRCz11	GCA_000002035.4	Ensembl	116	zebrafish_a	B	B	B	BA	BA	3	13	Hox3	Hox3	hoxb3a	ENSDARG00000029263	10	ENSDARG00000029263.10	ensembl_havana	protein_coding	3	23697997	23771945	+	ENSDART00000184299	1	ENSDART00000184299.1	hoxb3a-207	ensembl	protein_coding	23697997	23749910	51914	ENSDARP00000155326	1	ENSDARP00000155326.1	2	1251	23746136	23747097.5	23748059	23746136	23747097.5	23748059	23747097.5	explicit_start_codon	explicit_stop_codon	FALSE	FALSE	FALSE	8	8	8	FALSE	FALSE	0					FALSE	greatest_genomic_span_with_usable_CDS_and_strand;ties_Ensembl_canonical_then_transcript_id	explicit_codon_middle_when_complete_else_terminal_CDS_positional_proxy_in_transcription_order	arithmetic_genomic_midpoint_between_codon_centers	source_gene_symbol	Hox family and number parsed from the Ensembl GTF gene_name.	FALSE		https://ftp.ensembl.org/pub/release-116/gtf/danio_rerio/Danio_rerio.GRCz11.116.chr.gtf.gz	Danio_rerio.GRCz11.116.chr.gtf.gz	fdca8df68935081e947e970a0b782f03e326446dc833f4bcf960f8febef629b2
zebrafish	zebrafish_a	Zebrafish	Danio rerio	GRCz11	GCA_000002035.4	Ensembl	116	zebrafish_a	B	B	B	BA	BA	2	14	Hox2	Hox2	hoxb2a	ENSDARG00000000175	10	ENSDARG00000000175.10	ensembl_havana	protein_coding	3	23752150	23754831	+	ENSDART00000146636	2	ENSDART00000146636.2	hoxb2a-201	ensembl_havana	protein_coding	23752150	23754831	2682	ENSDARP00000118498	1	ENSDARP00000118498.1	2	1227	23752217	23753255.5	23754294	23752217	23753255.5	23754294	23753255.5	explicit_start_codon	explicit_stop_codon	FALSE	FALSE	FALSE	1	1	1	FALSE	FALSE	0					TRUE	greatest_genomic_span_with_usable_CDS_and_strand;ties_Ensembl_canonical_then_transcript_id	explicit_codon_middle_when_complete_else_terminal_CDS_positional_proxy_in_transcription_order	arithmetic_genomic_midpoint_between_codon_centers	source_gene_symbol	Hox family and number parsed from the Ensembl GTF gene_name.	FALSE		https://ftp.ensembl.org/pub/release-116/gtf/danio_rerio/Danio_rerio.GRCz11.116.chr.gtf.gz	Danio_rerio.GRCz11.116.chr.gtf.gz	fdca8df68935081e947e970a0b782f03e326446dc833f4bcf960f8febef629b2
zebrafish	zebrafish_a	Zebrafish	Danio rerio	GRCz11	GCA_000002035.4	Ensembl	116	zebrafish_a	B	B	B	BA	BA	1	15	Hox1	Hox1	hoxb1a	ENSDARG00000008174	7	ENSDARG00000008174.7	ensembl_havana	protein_coding	3	23768898	23771142	+	ENSDART00000110682	4	ENSDART00000110682.4	hoxb1a-201	ensembl_havana	protein_coding	23768898	23771142	2245	ENSDARP00000101854	3	ENSDARP00000101854.3	2	948	23768938	23769781	23770624	23768938	23769781	23770624	23769781	explicit_start_codon	explicit_stop_codon	FALSE	FALSE	FALSE	1	1	1	FALSE	FALSE	0					TRUE	greatest_genomic_span_with_usable_CDS_and_strand;ties_Ensembl_canonical_then_transcript_id	explicit_codon_middle_when_complete_else_terminal_CDS_positional_proxy_in_transcription_order	arithmetic_genomic_midpoint_between_codon_centers	source_gene_symbol	Hox family and number parsed from the Ensembl GTF gene_name.	FALSE		https://ftp.ensembl.org/pub/release-116/gtf/danio_rerio/Danio_rerio.GRCz11.116.chr.gtf.gz	Danio_rerio.GRCz11.116.chr.gtf.gz	fdca8df68935081e947e970a0b782f03e326446dc833f4bcf960f8febef629b2
zebrafish	zebrafish_a	Zebrafish	Danio rerio	GRCz11	GCA_000002035.4	Ensembl	116	zebrafish_a	C	C	C	CA	CA	13	3	Hox13	Hox13	hoxc13a	ENSDARG00000070353	5	ENSDARG00000070353.5	ensembl_havana	protein_coding	23	36052944	36055886	+	ENSDART00000103149	5	ENSDART00000103149.5	hoxc13a-201	ensembl_havana	protein_coding	36052944	36055886	2943	ENSDARP00000093923	4	ENSDARP00000093923.4	2	918	36052979	36054328.5	36055678	36052979	36054328.5	36055678	36054328.5	explicit_start_codon	explicit_stop_codon	FALSE	FALSE	FALSE	1	1	1	FALSE	FALSE	0					TRUE	greatest_genomic_span_with_usable_CDS_and_strand;ties_Ensembl_canonical_then_transcript_id	explicit_codon_middle_when_complete_else_terminal_CDS_positional_proxy_in_transcription_order	arithmetic_genomic_midpoint_between_codon_centers	source_gene_symbol	Hox family and number parsed from the Ensembl GTF gene_name.	FALSE		https://ftp.ensembl.org/pub/release-116/gtf/danio_rerio/Danio_rerio.GRCz11.116.chr.gtf.gz	Danio_rerio.GRCz11.116.chr.gtf.gz	fdca8df68935081e947e970a0b782f03e326446dc833f4bcf960f8febef629b2
zebrafish	zebrafish_a	Zebrafish	Danio rerio	GRCz11	GCA_000002035.4	Ensembl	116	zebrafish_a	C	C	C	CA	CA	12	4	Hox12	Hox12	hoxc12a	ENSDARG00000070352	4	ENSDARG00000070352.4	ensembl_havana	protein_coding	23	36063599	36065182	+	ENSDART00000103147	4	ENSDART00000103147.4	hoxc12a-201	ensembl_havana	protein_coding	36063599	36065182	1584	ENSDARP00000093921	3	ENSDARP00000093921.3	2	822	36063600	36064390.5	36065181	36063600	36064390.5	36065181	36064390.5	explicit_start_codon	explicit_stop_codon	FALSE	FALSE	FALSE	1	1	1	FALSE	FALSE	0					TRUE	greatest_genomic_span_with_usable_CDS_and_strand;ties_Ensembl_canonical_then_transcript_id	explicit_codon_middle_when_complete_else_terminal_CDS_positional_proxy_in_transcription_order	arithmetic_genomic_midpoint_between_codon_centers	source_gene_symbol	Hox family and number parsed from the Ensembl GTF gene_name.	FALSE		https://ftp.ensembl.org/pub/release-116/gtf/danio_rerio/Danio_rerio.GRCz11.116.chr.gtf.gz	Danio_rerio.GRCz11.116.chr.gtf.gz	fdca8df68935081e947e970a0b782f03e326446dc833f4bcf960f8febef629b2
zebrafish	zebrafish_a	Zebrafish	Danio rerio	GRCz11	GCA_000002035.4	Ensembl	116	zebrafish_a	C	C	C	CA	CA	11	5	Hox11	Hox11	hoxc11a	ENSDARG00000070351	5	ENSDARG00000070351.5	ensembl_havana	protein_coding	23	36074798	36078132	+	ENSDART00000133760	2	ENSDART00000133760.2	hoxc11a-202	havana	protein_coding	36074798	36078132	3335	ENSDARP00000120202	1	ENSDARP00000120202.1	2	906	36074910	36076053	36077196	36074910	36076053	36077196	36076053	explicit_start_codon	explicit_stop_codon	FALSE	FALSE	FALSE	2	2	2	FALSE	FALSE	0					FALSE	greatest_genomic_span_with_usable_CDS_and_strand;ties_Ensembl_canonical_then_transcript_id	explicit_codon_middle_when_complete_else_terminal_CDS_positional_proxy_in_transcription_order	arithmetic_genomic_midpoint_between_codon_centers	source_gene_symbol	Hox family and number parsed from the Ensembl GTF gene_name.	FALSE		https://ftp.ensembl.org/pub/release-116/gtf/danio_rerio/Danio_rerio.GRCz11.116.chr.gtf.gz	Danio_rerio.GRCz11.116.chr.gtf.gz	fdca8df68935081e947e970a0b782f03e326446dc833f4bcf960f8febef629b2
zebrafish	zebrafish_a	Zebrafish	Danio rerio	GRCz11	GCA_000002035.4	Ensembl	116	zebrafish_a	C	C	C	CA	CA	10	6	Hox10	Hox10	hoxc10a	ENSDARG00000070348	6	ENSDARG00000070348.6	ensembl_havana	protein_coding	23	35969228	36086895	+	ENSDART00000184107	1	ENSDART00000184107.1	hoxc10a-204	ensembl	protein_coding	35969228	36086366	117139	ENSDARP00000147493	1	ENSDARP00000147493.1	2	1011	36083618	36084991.5	36086365	36083618	36084991.5	36086365	36084991.5	explicit_start_codon	explicit_stop_codon	FALSE	FALSE	FALSE	4	4	4	FALSE	FALSE	0					TRUE	greatest_genomic_span_with_usable_CDS_and_strand;ties_Ensembl_canonical_then_transcript_id	explicit_codon_middle_when_complete_else_terminal_CDS_positional_proxy_in_transcription_order	arithmetic_genomic_midpoint_between_codon_centers	source_gene_symbol	Hox family and number parsed from the Ensembl GTF gene_name.	FALSE		https://ftp.ensembl.org/pub/release-116/gtf/danio_rerio/Danio_rerio.GRCz11.116.chr.gtf.gz	Danio_rerio.GRCz11.116.chr.gtf.gz	fdca8df68935081e947e970a0b782f03e326446dc833f4bcf960f8febef629b2
zebrafish	zebrafish_a	Zebrafish	Danio rerio	GRCz11	GCA_000002035.4	Ensembl	116	zebrafish_a	C	C	C	CA	CA	9	7	Hox9	Hox9	hoxc9a	ENSDARG00000092809	3	ENSDARG00000092809.3	ensembl_havana	protein_coding	23	36095260	36097488	+	ENSDART00000127384	3	ENSDART00000127384.3	hoxc9a-201	ensembl_havana	protein_coding	36095260	36097488	2229	ENSDARP00000105244	2	ENSDARP00000105244.2	2	810	36095340	36096274.5	36097209	36095340	36096274.5	36097209	36096274.5	explicit_start_codon	explicit_stop_codon	FALSE	FALSE	FALSE	1	1	1	FALSE	FALSE	0					TRUE	greatest_genomic_span_with_usable_CDS_and_strand;ties_Ensembl_canonical_then_transcript_id	explicit_codon_middle_when_complete_else_terminal_CDS_positional_proxy_in_transcription_order	arithmetic_genomic_midpoint_between_codon_centers	source_gene_symbol	Hox family and number parsed from the Ensembl GTF gene_name.	FALSE		https://ftp.ensembl.org/pub/release-116/gtf/danio_rerio/Danio_rerio.GRCz11.116.chr.gtf.gz	Danio_rerio.GRCz11.116.chr.gtf.gz	fdca8df68935081e947e970a0b782f03e326446dc833f4bcf960f8febef629b2
zebrafish	zebrafish_a	Zebrafish	Danio rerio	GRCz11	GCA_000002035.4	Ensembl	116	zebrafish_a	C	C	C	CA	CA	8	8	Hox8	Hox8	hoxc8a	ENSDARG00000070346	5	ENSDARG00000070346.5	ensembl_havana	protein_coding	23	36101185	36103635	+	ENSDART00000103139	4	ENSDART00000103139.4	hoxc8a-201	ensembl_havana	protein_coding	36101185	36103635	2451	ENSDARP00000093913	3	ENSDARP00000093913.3	2	750	36101448	36102455.5	36103463	36101448	36102455.5	36103463	36102455.5	explicit_start_codon	explicit_stop_codon	FALSE	FALSE	FALSE	1	1	1	FALSE	FALSE	0					TRUE	greatest_genomic_span_with_usable_CDS_and_strand;ties_Ensembl_canonical_then_transcript_id	explicit_codon_middle_when_complete_else_terminal_CDS_positional_proxy_in_transcription_order	arithmetic_genomic_midpoint_between_codon_centers	source_gene_symbol	Hox family and number parsed from the Ensembl GTF gene_name.	FALSE		https://ftp.ensembl.org/pub/release-116/gtf/danio_rerio/Danio_rerio.GRCz11.116.chr.gtf.gz	Danio_rerio.GRCz11.116.chr.gtf.gz	fdca8df68935081e947e970a0b782f03e326446dc833f4bcf960f8febef629b2
zebrafish	zebrafish_a	Zebrafish	Danio rerio	GRCz11	GCA_000002035.4	Ensembl	116	zebrafish_a	C	C	C	CA	CA	6	10	Hox6	Hox6	hoxc6a	ENSDARG00000070343	7	ENSDARG00000070343.7	ensembl_havana	protein_coding	23	36115541	36116907	+	ENSDART00000130090	3	ENSDART00000130090.3	hoxc6a-201	ensembl_havana	protein_coding	36115541	36116907	1367	ENSDARP00000107797	2	ENSDARP00000107797.2	2	624	36115542	36116159	36116776	36115542	36116159	36116776	36116159	explicit_start_codon	explicit_stop_codon	FALSE	FALSE	FALSE	1	1	1	FALSE	FALSE	0					TRUE	greatest_genomic_span_with_usable_CDS_and_strand;ties_Ensembl_canonical_then_transcript_id	explicit_codon_middle_when_complete_else_terminal_CDS_positional_proxy_in_transcription_order	arithmetic_genomic_midpoint_between_codon_centers	source_gene_symbol	Hox family and number parsed from the Ensembl GTF gene_name.	FALSE		https://ftp.ensembl.org/pub/release-116/gtf/danio_rerio/Danio_rerio.GRCz11.116.chr.gtf.gz	Danio_rerio.GRCz11.116.chr.gtf.gz	fdca8df68935081e947e970a0b782f03e326446dc833f4bcf960f8febef629b2
zebrafish	zebrafish_a	Zebrafish	Danio rerio	GRCz11	GCA_000002035.4	Ensembl	116	zebrafish_a	C	C	C	CA	CA	5	11	Hox5	Hox5	hoxc5a	ENSDARG00000070340	7	ENSDARG00000070340.7	ensembl_havana	protein_coding	23	36118738	36120511	+	ENSDART00000139319	2	ENSDART00000139319.2	hoxc5a-201	ensembl_havana	protein_coding	36118738	36120511	1774	ENSDARP00000121862	1	ENSDARP00000121862.1	2	639	36118799	36119527.5	36120256	36118799	36119527.5	36120256	36119527.5	explicit_start_codon	explicit_stop_codon	FALSE	FALSE	FALSE	1	1	1	FALSE	FALSE	0					TRUE	greatest_genomic_span_with_usable_CDS_and_strand;ties_Ensembl_canonical_then_transcript_id	explicit_codon_middle_when_complete_else_terminal_CDS_positional_proxy_in_transcription_order	arithmetic_genomic_midpoint_between_codon_centers	source_gene_symbol	Hox family and number parsed from the Ensembl GTF gene_name.	FALSE		https://ftp.ensembl.org/pub/release-116/gtf/danio_rerio/Danio_rerio.GRCz11.116.chr.gtf.gz	Danio_rerio.GRCz11.116.chr.gtf.gz	fdca8df68935081e947e970a0b782f03e326446dc833f4bcf960f8febef629b2
zebrafish	zebrafish_a	Zebrafish	Danio rerio	GRCz11	GCA_000002035.4	Ensembl	116	zebrafish_a	C	C	C	CA	CA	4	12	Hox4	Hox4	hoxc4a	ENSDARG00000070338	3	ENSDARG00000070338.3	ensembl_havana	protein_coding	23	36130883	36132563	+	ENSDART00000103132	3	ENSDART00000103132.3	hoxc4a-201	ensembl_havana	protein_coding	36130883	36132563	1681	ENSDARP00000093906	2	ENSDARP00000093906.2	2	804	36131064	36131726	36132388	36131064	36131726	36132388	36131726	explicit_start_codon	explicit_stop_codon	FALSE	FALSE	FALSE	1	1	1	FALSE	FALSE	0					TRUE	greatest_genomic_span_with_usable_CDS_and_strand;ties_Ensembl_canonical_then_transcript_id	explicit_codon_middle_when_complete_else_terminal_CDS_positional_proxy_in_transcription_order	arithmetic_genomic_midpoint_between_codon_centers	source_gene_symbol	Hox family and number parsed from the Ensembl GTF gene_name.	FALSE		https://ftp.ensembl.org/pub/release-116/gtf/danio_rerio/Danio_rerio.GRCz11.116.chr.gtf.gz	Danio_rerio.GRCz11.116.chr.gtf.gz	fdca8df68935081e947e970a0b782f03e326446dc833f4bcf960f8febef629b2
zebrafish	zebrafish_a	Zebrafish	Danio rerio	GRCz11	GCA_000002035.4	Ensembl	116	zebrafish_a	C	C	C	CA	CA	3	13	Hox3	Hox3	hoxc3a	ENSDARG00000070339	7	ENSDARG00000070339.7	ensembl_havana	protein_coding	23	36087219	36149371	+	ENSDART00000154825	3	ENSDART00000154825.3	hoxc3a-204	ensembl_havana	protein_coding	36087219	36148048	60830	ENSDARP00000129398	1	ENSDARP00000129398.1	3	772	36145039	36146543	36148047	36145039	36146543	36148047	36146543	explicit_start_codon	terminal_CDS_positional_proxy	FALSE	TRUE	TRUE	4	4	4	FALSE	FALSE	0					TRUE	greatest_genomic_span_with_usable_CDS_and_strand;ties_Ensembl_canonical_then_transcript_id	explicit_codon_middle_when_complete_else_terminal_CDS_positional_proxy_in_transcription_order	arithmetic_genomic_midpoint_between_codon_centers	source_gene_symbol	Hox family and number parsed from the Ensembl GTF gene_name.	FALSE		https://ftp.ensembl.org/pub/release-116/gtf/danio_rerio/Danio_rerio.GRCz11.116.chr.gtf.gz	Danio_rerio.GRCz11.116.chr.gtf.gz	fdca8df68935081e947e970a0b782f03e326446dc833f4bcf960f8febef629b2
zebrafish	zebrafish_a	Zebrafish	Danio rerio	GRCz11	GCA_000002035.4	Ensembl	116	zebrafish_a	C	C	C	CA	CA	1	15	Hox1	Hox1	hoxc1a	ENSDARG00000070337	5	ENSDARG00000070337.5	ensembl_havana	protein_coding	23	36178104	36190988	+	ENSDART00000103131	5	ENSDART00000103131.5	hoxc1a-201	ensembl_havana	protein_coding	36178104	36190988	12885	ENSDARP00000093905	3	ENSDARP00000093905.3	2	906	36178105	36180800.5	36183496	36178105	36180800.5	36183496	36180800.5	explicit_start_codon	explicit_stop_codon	FALSE	FALSE	FALSE	1	1	1	FALSE	FALSE	0					TRUE	greatest_genomic_span_with_usable_CDS_and_strand;ties_Ensembl_canonical_then_transcript_id	explicit_codon_middle_when_complete_else_terminal_CDS_positional_proxy_in_transcription_order	arithmetic_genomic_midpoint_between_codon_centers	source_gene_symbol	Hox family and number parsed from the Ensembl GTF gene_name.	FALSE		https://ftp.ensembl.org/pub/release-116/gtf/danio_rerio/Danio_rerio.GRCz11.116.chr.gtf.gz	Danio_rerio.GRCz11.116.chr.gtf.gz	fdca8df68935081e947e970a0b782f03e326446dc833f4bcf960f8febef629b2
zebrafish	zebrafish_a	Zebrafish	Danio rerio	GRCz11	GCA_000002035.4	Ensembl	116	zebrafish_a	D	D	D	DA	DA	13	3	Hox13	Hox13	hoxd13a	ENSDARG00000059256	4	ENSDARG00000059256.4	ensembl_havana	protein_coding	9	1986816	1990323	-	ENSDART00000082332	4	ENSDART00000082332.4	hoxd13a-201	ensembl_havana	protein_coding	1986816	1990323	3508	ENSDARP00000076768	3	ENSDARP00000076768.3	2	768	1990239	1988944.5	1987650	1990239	1988944.5	1987650	1988944.5	explicit_start_codon	explicit_stop_codon	FALSE	FALSE	FALSE	1	1	1	FALSE	FALSE	0					TRUE	greatest_genomic_span_with_usable_CDS_and_strand;ties_Ensembl_canonical_then_transcript_id	explicit_codon_middle_when_complete_else_terminal_CDS_positional_proxy_in_transcription_order	arithmetic_genomic_midpoint_between_codon_centers	source_gene_symbol	Hox family and number parsed from the Ensembl GTF gene_name.	FALSE		https://ftp.ensembl.org/pub/release-116/gtf/danio_rerio/Danio_rerio.GRCz11.116.chr.gtf.gz	Danio_rerio.GRCz11.116.chr.gtf.gz	fdca8df68935081e947e970a0b782f03e326446dc833f4bcf960f8febef629b2
zebrafish	zebrafish_a	Zebrafish	Danio rerio	GRCz11	GCA_000002035.4	Ensembl	116	zebrafish_a	D	D	D	DA	DA	12	4	Hox12	Hox12	hoxd12a	ENSDARG00000059263	7	ENSDARG00000059263.7	ensembl_havana	protein_coding	9	1981882	1986014	-	ENSDART00000142842	3	ENSDART00000142842.3	hoxd12a-202	havana	protein_coding	1981882	1986014	4133	ENSDARP00000121699	1	ENSDARP00000121699.1	2	786	1984579	1983456.5	1982334	1984579	1983456.5	1982334	1983456.5	explicit_start_codon	explicit_stop_codon	FALSE	FALSE	FALSE	2	2	2	FALSE	FALSE	0					FALSE	greatest_genomic_span_with_usable_CDS_and_strand;ties_Ensembl_canonical_then_transcript_id	explicit_codon_middle_when_complete_else_terminal_CDS_positional_proxy_in_transcription_order	arithmetic_genomic_midpoint_between_codon_centers	source_gene_symbol	Hox family and number parsed from the Ensembl GTF gene_name.	FALSE		https://ftp.ensembl.org/pub/release-116/gtf/danio_rerio/Danio_rerio.GRCz11.116.chr.gtf.gz	Danio_rerio.GRCz11.116.chr.gtf.gz	fdca8df68935081e947e970a0b782f03e326446dc833f4bcf960f8febef629b2
zebrafish	zebrafish_a	Zebrafish	Danio rerio	GRCz11	GCA_000002035.4	Ensembl	116	zebrafish_a	D	D	D	DA	DA	11	5	Hox11	Hox11	hoxd11a	ENSDARG00000059267	6	ENSDARG00000059267.6	ensembl_havana	protein_coding	9	1975818	1978090	-	ENSDART00000082344	5	ENSDART00000082344.5	hoxd11a-201	ensembl_havana	protein_coding	1975818	1978090	2273	ENSDARP00000076780	4	ENSDARP00000076780.4	2	828	1977992	1977146.5	1976301	1977992	1977146.5	1976301	1977146.5	explicit_start_codon	explicit_stop_codon	FALSE	FALSE	FALSE	1	1	1	FALSE	FALSE	0					TRUE	greatest_genomic_span_with_usable_CDS_and_strand;ties_Ensembl_canonical_then_transcript_id	explicit_codon_middle_when_complete_else_terminal_CDS_positional_proxy_in_transcription_order	arithmetic_genomic_midpoint_between_codon_centers	source_gene_symbol	Hox family and number parsed from the Ensembl GTF gene_name.	FALSE		https://ftp.ensembl.org/pub/release-116/gtf/danio_rerio/Danio_rerio.GRCz11.116.chr.gtf.gz	Danio_rerio.GRCz11.116.chr.gtf.gz	fdca8df68935081e947e970a0b782f03e326446dc833f4bcf960f8febef629b2
zebrafish	zebrafish_a	Zebrafish	Danio rerio	GRCz11	GCA_000002035.4	Ensembl	116	zebrafish_a	D	D	D	DA	DA	10	6	Hox10	Hox10	hoxd10a	ENSDARG00000057859	6	ENSDARG00000057859.6	ensembl_havana	protein_coding	9	1967707	1970071	-	ENSDART00000080608	4	ENSDART00000080608.4	hoxd10a-201	ensembl_havana	protein_coding	1967707	1970071	2365	ENSDARP00000075055	3	ENSDARP00000075055.3	2	996	1969932	1969076.5	1968221	1969932	1969076.5	1968221	1969076.5	explicit_start_codon	explicit_stop_codon	FALSE	FALSE	FALSE	1	1	1	FALSE	FALSE	0					TRUE	greatest_genomic_span_with_usable_CDS_and_strand;ties_Ensembl_canonical_then_transcript_id	explicit_codon_middle_when_complete_else_terminal_CDS_positional_proxy_in_transcription_order	arithmetic_genomic_midpoint_between_codon_centers	source_gene_symbol	Hox family and number parsed from the Ensembl GTF gene_name.	FALSE		https://ftp.ensembl.org/pub/release-116/gtf/danio_rerio/Danio_rerio.GRCz11.116.chr.gtf.gz	Danio_rerio.GRCz11.116.chr.gtf.gz	fdca8df68935081e947e970a0b782f03e326446dc833f4bcf960f8febef629b2
zebrafish	zebrafish_a	Zebrafish	Danio rerio	GRCz11	GCA_000002035.4	Ensembl	116	zebrafish_a	D	D	D	DA	DA	9	7	Hox9	Hox9	hoxd9a	ENSDARG00000059274	5	ENSDARG00000059274.5	ensembl_havana	protein_coding	9	1964005	1965727	-	ENSDART00000082354	4	ENSDART00000082354.4	hoxd9a-201	ensembl_havana	protein_coding	1964005	1965727	1723	ENSDARP00000076790	3	ENSDARP00000076790.3	2	786	1965635	1965084	1964533	1965635	1965084	1964533	1965084	explicit_start_codon	explicit_stop_codon	FALSE	FALSE	FALSE	1	1	1	FALSE	FALSE	0					TRUE	greatest_genomic_span_with_usable_CDS_and_strand;ties_Ensembl_canonical_then_transcript_id	explicit_codon_middle_when_complete_else_terminal_CDS_positional_proxy_in_transcription_order	arithmetic_genomic_midpoint_between_codon_centers	source_gene_symbol	Hox family and number parsed from the Ensembl GTF gene_name.	FALSE		https://ftp.ensembl.org/pub/release-116/gtf/danio_rerio/Danio_rerio.GRCz11.116.chr.gtf.gz	Danio_rerio.GRCz11.116.chr.gtf.gz	fdca8df68935081e947e970a0b782f03e326446dc833f4bcf960f8febef629b2
zebrafish	zebrafish_a	Zebrafish	Danio rerio	GRCz11	GCA_000002035.4	Ensembl	116	zebrafish_a	D	D	D	DA	DA	4	12	Hox4	Hox4	hoxd4a	ENSDARG00000059276	4	ENSDARG00000059276.4	ensembl_havana	protein_coding	9	1948465	1951144	-	ENSDART00000082355	4	ENSDART00000082355.4	hoxd4a-201	ensembl_havana	protein_coding	1948465	1951144	2680	ENSDARP00000076791	3	ENSDARP00000076791.3	2	768	1950775	1950195	1949615	1950775	1950195	1949615	1950195	explicit_start_codon	explicit_stop_codon	FALSE	FALSE	FALSE	1	1	1	FALSE	FALSE	0					TRUE	greatest_genomic_span_with_usable_CDS_and_strand;ties_Ensembl_canonical_then_transcript_id	explicit_codon_middle_when_complete_else_terminal_CDS_positional_proxy_in_transcription_order	arithmetic_genomic_midpoint_between_codon_centers	source_gene_symbol	Hox family and number parsed from the Ensembl GTF gene_name.	FALSE		https://ftp.ensembl.org/pub/release-116/gtf/danio_rerio/Danio_rerio.GRCz11.116.chr.gtf.gz	Danio_rerio.GRCz11.116.chr.gtf.gz	fdca8df68935081e947e970a0b782f03e326446dc833f4bcf960f8febef629b2
zebrafish	zebrafish_a	Zebrafish	Danio rerio	GRCz11	GCA_000002035.4	Ensembl	116	zebrafish_a	D	D	D	DA	DA	3	13	Hox3	Hox3	hoxd3a	ENSDARG00000059280	7	ENSDARG00000059280.7	ensembl_havana	protein_coding	9	1937049	1959917	-	ENSDART00000082359	5	ENSDART00000082359.5	hoxd3a-201	ensembl	protein_coding	1937052	1959917	22866	ENSDARP00000093704	3	ENSDARP00000093704.3	2	1188	1939089	1938388	1937687	1939089	1938388	1937687	1938388	explicit_start_codon	explicit_stop_codon	FALSE	FALSE	FALSE	3	3	3	FALSE	FALSE	0					FALSE	greatest_genomic_span_with_usable_CDS_and_strand;ties_Ensembl_canonical_then_transcript_id	explicit_codon_middle_when_complete_else_terminal_CDS_positional_proxy_in_transcription_order	arithmetic_genomic_midpoint_between_codon_centers	source_gene_symbol	Hox family and number parsed from the Ensembl GTF gene_name.	FALSE		https://ftp.ensembl.org/pub/release-116/gtf/danio_rerio/Danio_rerio.GRCz11.116.chr.gtf.gz	Danio_rerio.GRCz11.116.chr.gtf.gz	fdca8df68935081e947e970a0b782f03e326446dc833f4bcf960f8febef629b2
zebrafish	zebrafish_b	Zebrafish	Danio rerio	GRCz11	GCA_000002035.4	Ensembl	116	zebrafish_b	A	A	A	AB	AB	13	3	Hox13	Hox13	hoxa13b	ENSDARG00000036254	6	ENSDARG00000036254.6	ensembl_havana	protein_coding	16	20895904	20897836	+	ENSDART00000052662	5	ENSDART00000052662.5	hoxa13b-201	ensembl_havana	protein_coding	20895904	20897836	1933	ENSDARP00000052661	4	ENSDARP00000052661.4	2	867	20895954	20896581	20897208	20895954	20896581	20897208	20896581	explicit_start_codon	explicit_stop_codon	FALSE	FALSE	FALSE	1	1	1	FALSE	FALSE	0					TRUE	greatest_genomic_span_with_usable_CDS_and_strand;ties_Ensembl_canonical_then_transcript_id	explicit_codon_middle_when_complete_else_terminal_CDS_positional_proxy_in_transcription_order	arithmetic_genomic_midpoint_between_codon_centers	source_gene_symbol	Hox family and number parsed from the Ensembl GTF gene_name.	FALSE		https://ftp.ensembl.org/pub/release-116/gtf/danio_rerio/Danio_rerio.GRCz11.116.chr.gtf.gz	Danio_rerio.GRCz11.116.chr.gtf.gz	fdca8df68935081e947e970a0b782f03e326446dc833f4bcf960f8febef629b2
zebrafish	zebrafish_b	Zebrafish	Danio rerio	GRCz11	GCA_000002035.4	Ensembl	116	zebrafish_b	A	A	A	AB	AB	11	5	Hox11	Hox11	hoxa11b	ENSDARG00000007009	6	ENSDARG00000007009.6	ensembl_havana	protein_coding	16	20904754	20907378	+	ENSDART00000006043	6	ENSDART00000006043.6	hoxa11b-201	ensembl_havana	protein_coding	20904754	20907378	2625	ENSDARP00000005174	4	ENSDARP00000005174.4	2	849	20904885	20905683	20906481	20904885	20905683	20906481	20905683	explicit_start_codon	explicit_stop_codon	FALSE	FALSE	FALSE	1	1	1	FALSE	FALSE	0					TRUE	greatest_genomic_span_with_usable_CDS_and_strand;ties_Ensembl_canonical_then_transcript_id	explicit_codon_middle_when_complete_else_terminal_CDS_positional_proxy_in_transcription_order	arithmetic_genomic_midpoint_between_codon_centers	source_gene_symbol	Hox family and number parsed from the Ensembl GTF gene_name.	FALSE		https://ftp.ensembl.org/pub/release-116/gtf/danio_rerio/Danio_rerio.GRCz11.116.chr.gtf.gz	Danio_rerio.GRCz11.116.chr.gtf.gz	fdca8df68935081e947e970a0b782f03e326446dc833f4bcf960f8febef629b2
zebrafish	zebrafish_b	Zebrafish	Danio rerio	GRCz11	GCA_000002035.4	Ensembl	116	zebrafish_b	A	A	A	AB	AB	10	6	Hox10	Hox10	hoxa10b	ENSDARG00000031337	5	ENSDARG00000031337.5	ensembl_havana	protein_coding	16	20910186	20913003	+	ENSDART00000046766	5	ENSDART00000046766.5	hoxa10b-201	ensembl_havana	protein_coding	20910186	20913003	2818	ENSDARP00000046765	4	ENSDARP00000046765.4	2	990	20910225	20911304.5	20912384	20910225	20911304.5	20912384	20911304.5	explicit_start_codon	explicit_stop_codon	FALSE	FALSE	FALSE	1	1	1	FALSE	FALSE	0					TRUE	greatest_genomic_span_with_usable_CDS_and_strand;ties_Ensembl_canonical_then_transcript_id	explicit_codon_middle_when_complete_else_terminal_CDS_positional_proxy_in_transcription_order	arithmetic_genomic_midpoint_between_codon_centers	source_gene_symbol	Hox family and number parsed from the Ensembl GTF gene_name.	FALSE		https://ftp.ensembl.org/pub/release-116/gtf/danio_rerio/Danio_rerio.GRCz11.116.chr.gtf.gz	Danio_rerio.GRCz11.116.chr.gtf.gz	fdca8df68935081e947e970a0b782f03e326446dc833f4bcf960f8febef629b2
zebrafish	zebrafish_b	Zebrafish	Danio rerio	GRCz11	GCA_000002035.4	Ensembl	116	zebrafish_b	A	A	A	AB	AB	9	7	Hox9	Hox9	hoxa9b	ENSDARG00000056819	5	ENSDARG00000056819.5	ensembl_havana	protein_coding	16	20915319	20917584	+	ENSDART00000079383	5	ENSDART00000079383.5	hoxa9b-201	ensembl_havana	protein_coding	20915319	20917584	2266	ENSDARP00000073839	4	ENSDARP00000073839.4	2	759	20915442	20916207	20916972	20915442	20916207	20916972	20916207	explicit_start_codon	explicit_stop_codon	FALSE	FALSE	FALSE	1	1	1	FALSE	FALSE	0					TRUE	greatest_genomic_span_with_usable_CDS_and_strand;ties_Ensembl_canonical_then_transcript_id	explicit_codon_middle_when_complete_else_terminal_CDS_positional_proxy_in_transcription_order	arithmetic_genomic_midpoint_between_codon_centers	source_gene_symbol	Hox family and number parsed from the Ensembl GTF gene_name.	FALSE		https://ftp.ensembl.org/pub/release-116/gtf/danio_rerio/Danio_rerio.GRCz11.116.chr.gtf.gz	Danio_rerio.GRCz11.116.chr.gtf.gz	fdca8df68935081e947e970a0b782f03e326446dc833f4bcf960f8febef629b2
zebrafish	zebrafish_b	Zebrafish	Danio rerio	GRCz11	GCA_000002035.4	Ensembl	116	zebrafish_b	A	A	A	AB	AB	2	14	Hox2	Hox2	hoxa2b	ENSDARG00000023031	7	ENSDARG00000023031.7	ensembl_havana	protein_coding	16	20926673	20929183	+	ENSDART00000009827	7	ENSDART00000009827.7	hoxa2b-201	ensembl_havana	protein_coding	20926673	20929183	2511	ENSDARP00000023072	6	ENSDARP00000023072.6	2	1089	20927127	20927970	20928813	20927127	20927970	20928813	20927970	explicit_start_codon	explicit_stop_codon	FALSE	FALSE	FALSE	1	1	1	FALSE	FALSE	0					TRUE	greatest_genomic_span_with_usable_CDS_and_strand;ties_Ensembl_canonical_then_transcript_id	explicit_codon_middle_when_complete_else_terminal_CDS_positional_proxy_in_transcription_order	arithmetic_genomic_midpoint_between_codon_centers	source_gene_symbol	Hox family and number parsed from the Ensembl GTF gene_name.	FALSE		https://ftp.ensembl.org/pub/release-116/gtf/danio_rerio/Danio_rerio.GRCz11.116.chr.gtf.gz	Danio_rerio.GRCz11.116.chr.gtf.gz	fdca8df68935081e947e970a0b782f03e326446dc833f4bcf960f8febef629b2
zebrafish	zebrafish_b	Zebrafish	Danio rerio	GRCz11	GCA_000002035.4	Ensembl	116	zebrafish_b	B	B	B	BB	BB	8	8	Hox8	Hox8	hoxb8b	ENSDARG00000054025	7	ENSDARG00000054025.7	ensembl_havana	protein_coding	12	27117609	27120171	+	ENSDART00000076154	7	ENSDART00000076154.7	hoxb8b-201	ensembl_havana	protein_coding	27117609	27120171	2563	ENSDARP00000070632	5	ENSDARP00000070632.5	2	741	27117817	27118924.5	27120032	27117817	27118924.5	27120032	27118924.5	explicit_start_codon	explicit_stop_codon	FALSE	FALSE	FALSE	1	1	1	FALSE	FALSE	0					TRUE	greatest_genomic_span_with_usable_CDS_and_strand;ties_Ensembl_canonical_then_transcript_id	explicit_codon_middle_when_complete_else_terminal_CDS_positional_proxy_in_transcription_order	arithmetic_genomic_midpoint_between_codon_centers	source_gene_symbol	Hox family and number parsed from the Ensembl GTF gene_name.	FALSE		https://ftp.ensembl.org/pub/release-116/gtf/danio_rerio/Danio_rerio.GRCz11.116.chr.gtf.gz	Danio_rerio.GRCz11.116.chr.gtf.gz	fdca8df68935081e947e970a0b782f03e326446dc833f4bcf960f8febef629b2
zebrafish	zebrafish_b	Zebrafish	Danio rerio	GRCz11	GCA_000002035.4	Ensembl	116	zebrafish_b	B	B	B	BB	BB	6	10	Hox6	Hox6	hoxb6b	ENSDARG00000026513	8	ENSDARG00000026513.8	ensembl_havana	protein_coding	12	27127139	27128768	+	ENSDART00000025966	7	ENSDART00000025966.7	hoxb6b-201	ensembl_havana	protein_coding	27127139	27128768	1630	ENSDARP00000010277	5	ENSDARP00000010277.5	2	672	27127185	27127739	27128293	27127185	27127739	27128293	27127739	explicit_start_codon	explicit_stop_codon	FALSE	FALSE	FALSE	1	1	1	FALSE	FALSE	0					TRUE	greatest_genomic_span_with_usable_CDS_and_strand;ties_Ensembl_canonical_then_transcript_id	explicit_codon_middle_when_complete_else_terminal_CDS_positional_proxy_in_transcription_order	arithmetic_genomic_midpoint_between_codon_centers	source_gene_symbol	Hox family and number parsed from the Ensembl GTF gene_name.	FALSE		https://ftp.ensembl.org/pub/release-116/gtf/danio_rerio/Danio_rerio.GRCz11.116.chr.gtf.gz	Danio_rerio.GRCz11.116.chr.gtf.gz	fdca8df68935081e947e970a0b782f03e326446dc833f4bcf960f8febef629b2
zebrafish	zebrafish_b	Zebrafish	Danio rerio	GRCz11	GCA_000002035.4	Ensembl	116	zebrafish_b	B	B	B	BB	BB	5	11	Hox5	Hox5	hoxb5b	ENSDARG00000054030	5	ENSDARG00000054030.5	ensembl_havana	protein_coding	12	27129659	27131735	+	ENSDART00000076161	5	ENSDART00000076161.5	hoxb5b-201	ensembl_havana	protein_coding	27129659	27131735	2077	ENSDARP00000070639	4	ENSDARP00000070639.4	2	828	27129757	27130396.5	27131036	27129757	27130396.5	27131036	27130396.5	explicit_start_codon	explicit_stop_codon	FALSE	FALSE	FALSE	1	1	1	FALSE	FALSE	0					TRUE	greatest_genomic_span_with_usable_CDS_and_strand;ties_Ensembl_canonical_then_transcript_id	explicit_codon_middle_when_complete_else_terminal_CDS_positional_proxy_in_transcription_order	arithmetic_genomic_midpoint_between_codon_centers	source_gene_symbol	Hox family and number parsed from the Ensembl GTF gene_name.	FALSE		https://ftp.ensembl.org/pub/release-116/gtf/danio_rerio/Danio_rerio.GRCz11.116.chr.gtf.gz	Danio_rerio.GRCz11.116.chr.gtf.gz	fdca8df68935081e947e970a0b782f03e326446dc833f4bcf960f8febef629b2
zebrafish	zebrafish_b	Zebrafish	Danio rerio	GRCz11	GCA_000002035.4	Ensembl	116	zebrafish_b	B	B	B	BB	BB	1	15	Hox1	Hox1	hoxb1b	ENSDARG00000054033	8	ENSDARG00000054033.8	ensembl_havana	protein_coding	12	27141140	27142834	+	ENSDART00000136415	3	ENSDART00000136415.3	hoxb1b-201	ensembl_havana	protein_coding	27141140	27142834	1695	ENSDARP00000122259	1	ENSDARP00000122259.1	2	687	27141749	27142137	27142525	27141749	27142137	27142525	27142137	explicit_start_codon	explicit_stop_codon	FALSE	FALSE	FALSE	1	1	1	FALSE	FALSE	0					TRUE	greatest_genomic_span_with_usable_CDS_and_strand;ties_Ensembl_canonical_then_transcript_id	explicit_codon_middle_when_complete_else_terminal_CDS_positional_proxy_in_transcription_order	arithmetic_genomic_midpoint_between_codon_centers	source_gene_symbol	Hox family and number parsed from the Ensembl GTF gene_name.	FALSE		https://ftp.ensembl.org/pub/release-116/gtf/danio_rerio/Danio_rerio.GRCz11.116.chr.gtf.gz	Danio_rerio.GRCz11.116.chr.gtf.gz	fdca8df68935081e947e970a0b782f03e326446dc833f4bcf960f8febef629b2
zebrafish	zebrafish_b	Zebrafish	Danio rerio	GRCz11	GCA_000002035.4	Ensembl	116	zebrafish_b	C	C	C	CB	CB	13	3	Hox13	Hox13	hoxc13b	ENSDARG00000113877	1	ENSDARG00000113877.1	ensembl	protein_coding	11	2156430	2162821	+	ENSDART00000182896	1	ENSDART00000182896.1	hoxc13b-201	ensembl	protein_coding	2156430	2162821	6392	ENSDARP00000147440	1	ENSDARP00000147440.1	2	819	2156431	2157668.5	2158906	2156431	2157668.5	2158906	2157668.5	explicit_start_codon	explicit_stop_codon	FALSE	FALSE	FALSE	1	1	1	FALSE	FALSE	0					TRUE	greatest_genomic_span_with_usable_CDS_and_strand;ties_Ensembl_canonical_then_transcript_id	explicit_codon_middle_when_complete_else_terminal_CDS_positional_proxy_in_transcription_order	arithmetic_genomic_midpoint_between_codon_centers	source_gene_symbol	Hox family and number parsed from the Ensembl GTF gene_name.	FALSE		https://ftp.ensembl.org/pub/release-116/gtf/danio_rerio/Danio_rerio.GRCz11.116.chr.gtf.gz	Danio_rerio.GRCz11.116.chr.gtf.gz	fdca8df68935081e947e970a0b782f03e326446dc833f4bcf960f8febef629b2
zebrafish	zebrafish_b	Zebrafish	Danio rerio	GRCz11	GCA_000002035.4	Ensembl	116	zebrafish_b	C	C	C	CB	CB	12	4	Hox12	Hox12	hoxc12b	ENSDARG00000103133	3	ENSDARG00000103133.3	ensembl	protein_coding	11	2172335	2175033	+	ENSDART00000170593	3	ENSDART00000170593.3	hoxc12b-201	ensembl	protein_coding	2172335	2175033	2699	ENSDARP00000132869	1	ENSDARP00000132869.1	2	849	2172336	2172897	2173458	2172336	2172897	2173458	2172897	explicit_start_codon	explicit_stop_codon	FALSE	FALSE	FALSE	1	1	1	FALSE	FALSE	0					TRUE	greatest_genomic_span_with_usable_CDS_and_strand;ties_Ensembl_canonical_then_transcript_id	explicit_codon_middle_when_complete_else_terminal_CDS_positional_proxy_in_transcription_order	arithmetic_genomic_midpoint_between_codon_centers	source_gene_symbol	Hox family and number parsed from the Ensembl GTF gene_name.	FALSE		https://ftp.ensembl.org/pub/release-116/gtf/danio_rerio/Danio_rerio.GRCz11.116.chr.gtf.gz	Danio_rerio.GRCz11.116.chr.gtf.gz	fdca8df68935081e947e970a0b782f03e326446dc833f4bcf960f8febef629b2
zebrafish	zebrafish_b	Zebrafish	Danio rerio	GRCz11	GCA_000002035.4	Ensembl	116	zebrafish_b	C	C	C	CB	CB	11	5	Hox11	Hox11	hoxc11b	ENSDARG00000102631	3	ENSDARG00000102631.3	ensembl	protein_coding	11	2180072	2185174	+	ENSDART00000186854	1	ENSDART00000186854.1	hoxc11b-202	ensembl	protein_coding	2180072	2185174	5103	ENSDARP00000156809	1	ENSDARP00000156809.1	2	918	2180073	2180897.5	2181722	2180073	2180897.5	2181722	2180897.5	explicit_start_codon	explicit_stop_codon	FALSE	FALSE	FALSE	2	2	2	FALSE	FALSE	0					TRUE	greatest_genomic_span_with_usable_CDS_and_strand;ties_Ensembl_canonical_then_transcript_id	explicit_codon_middle_when_complete_else_terminal_CDS_positional_proxy_in_transcription_order	arithmetic_genomic_midpoint_between_codon_centers	source_gene_symbol	Hox family and number parsed from the Ensembl GTF gene_name.	FALSE		https://ftp.ensembl.org/pub/release-116/gtf/danio_rerio/Danio_rerio.GRCz11.116.chr.gtf.gz	Danio_rerio.GRCz11.116.chr.gtf.gz	fdca8df68935081e947e970a0b782f03e326446dc833f4bcf960f8febef629b2
zebrafish	zebrafish_b	Zebrafish	Danio rerio	GRCz11	GCA_000002035.4	Ensembl	116	zebrafish_b	C	C	C	CB	CB	6	10	Hox6	Hox6	hoxc6b	ENSDARG00000101954	3	ENSDARG00000101954.3	ensembl	protein_coding	11	2198831	2204754	+	ENSDART00000160515	3	ENSDART00000160515.3	hoxc6b-201	ensembl	protein_coding	2198831	2204754	5924	ENSDARP00000134791	3	ENSDARP00000134791.3	2	639	2203083	2203617.5	2204152	2203083	2203617.5	2204152	2203617.5	terminal_CDS_positional_proxy	explicit_stop_codon	TRUE	FALSE	TRUE	3	3	3	FALSE	FALSE	0					FALSE	greatest_genomic_span_with_usable_CDS_and_strand;ties_Ensembl_canonical_then_transcript_id	explicit_codon_middle_when_complete_else_terminal_CDS_positional_proxy_in_transcription_order	arithmetic_genomic_midpoint_between_codon_centers	source_gene_symbol	Hox family and number parsed from the Ensembl GTF gene_name.	FALSE		https://ftp.ensembl.org/pub/release-116/gtf/danio_rerio/Danio_rerio.GRCz11.116.chr.gtf.gz	Danio_rerio.GRCz11.116.chr.gtf.gz	fdca8df68935081e947e970a0b782f03e326446dc833f4bcf960f8febef629b2
amphioxus	amphioxus	Amphioxus	Branchiostoma lanceolatum	BraLan2	GCA_900088365.1	Ensembl Metazoa	63	amphioxus	A	A	ancestral	ancestral	ancestral	15	1	Hox15	Hox15	Hox15	BL12289		BL12289	Ensembl	protein_coding	Sc0000000	1807373	1809616	-	BL12289_cuf1		BL12289_cuf1		Ensembl	protein_coding	1807373	1809616	2244	BL12289_cuf1		BL12289_cuf1	2	864	1809148	1808501.5	1807855	1809148	1808501.5	1807855	1808501.5	explicit_start_codon	explicit_stop_codon	FALSE	FALSE	FALSE	1	1	1	FALSE	FALSE	0					TRUE	greatest_genomic_span_with_usable_CDS_and_strand;ties_Ensembl_canonical_then_transcript_id	explicit_codon_middle_when_complete_else_terminal_CDS_positional_proxy_in_transcription_order	arithmetic_genomic_midpoint_between_codon_centers	manual_collinear_order_on_BraLan2_Sc0000000	Terminal same-strand model; assigned Hox15 by physical order and the documented 15-gene Branchiostoma complement.	FALSE		https://ftp.ensemblgenomes.ebi.ac.uk/pub/metazoa/release-63/gtf/branchiostoma_lanceolatum/Branchiostoma_lanceolatum.BraLan2.63.gtf.gz	Branchiostoma_lanceolatum.BraLan2.63.gtf.gz	b4c69024b22cb41469164515d58fb41a639bd9862b9eb32b39ef0c9a3a93978f
amphioxus	amphioxus	Amphioxus	Branchiostoma lanceolatum	BraLan2	GCA_900088365.1	Ensembl Metazoa	63	amphioxus	A	A	ancestral	ancestral	ancestral	14	2	Hox14	Hox14	Hox14	BL01409		BL01409	Ensembl	protein_coding	Sc0000000	1815964	1816977	-	BL01409_evm0		BL01409_evm0		Ensembl	protein_coding	1815964	1816977	1014	BL01409_evm0		BL01409_evm0	2	612	1816976	1816470.5	1815965	1816976	1816470.5	1815965	1816470.5	explicit_start_codon	explicit_stop_codon	FALSE	FALSE	FALSE	1	1	1	FALSE	FALSE	0					TRUE	greatest_genomic_span_with_usable_CDS_and_strand;ties_Ensembl_canonical_then_transcript_id	explicit_codon_middle_when_complete_else_terminal_CDS_positional_proxy_in_transcription_order	arithmetic_genomic_midpoint_between_codon_centers	manual_collinear_order_on_BraLan2_Sc0000000	Same-strand model after the unannotated Hox13 position; assigned Hox14 by physical order.	FALSE		https://ftp.ensemblgenomes.ebi.ac.uk/pub/metazoa/release-63/gtf/branchiostoma_lanceolatum/Branchiostoma_lanceolatum.BraLan2.63.gtf.gz	Branchiostoma_lanceolatum.BraLan2.63.gtf.gz	b4c69024b22cb41469164515d58fb41a639bd9862b9eb32b39ef0c9a3a93978f
amphioxus	amphioxus	Amphioxus	Branchiostoma lanceolatum	BraLan2	GCA_900088365.1	Ensembl Metazoa	63	amphioxus	A	A	ancestral	ancestral	ancestral	12	4	Hox12	Hox12	Hox12	BL14546		BL14546	Ensembl	protein_coding	Sc0000000	1879312	1925129	-	BL14546_evm1		BL14546_evm1		Ensembl	protein_coding	1879312	1925129	45818	BL14546_evm1		BL14546_evm1	2	159	1925126	1902219.5	1879313	1925126	1902219.5	1879313	1902219.5	terminal_CDS_positional_proxy	terminal_CDS_positional_proxy	TRUE	TRUE	TRUE	1	1	1	FALSE	FALSE	0					TRUE	greatest_genomic_span_with_usable_CDS_and_strand;ties_Ensembl_canonical_then_transcript_id	explicit_codon_middle_when_complete_else_terminal_CDS_positional_proxy_in_transcription_order	arithmetic_genomic_midpoint_between_codon_centers	manual_collinear_order_on_BraLan2_Sc0000000	Same-strand model in the single BraLan2 Hox cluster; assigned by physical order.	FALSE		https://ftp.ensemblgenomes.ebi.ac.uk/pub/metazoa/release-63/gtf/branchiostoma_lanceolatum/Branchiostoma_lanceolatum.BraLan2.63.gtf.gz	Branchiostoma_lanceolatum.BraLan2.63.gtf.gz	b4c69024b22cb41469164515d58fb41a639bd9862b9eb32b39ef0c9a3a93978f
amphioxus	amphioxus	Amphioxus	Branchiostoma lanceolatum	BraLan2	GCA_900088365.1	Ensembl Metazoa	63	amphioxus	A	A	ancestral	ancestral	ancestral	11	5	Hox11	Hox11	Hox11	BL11265		BL11265	Ensembl	protein_coding	Sc0000000	1930281	1933462	-	BL11265_evm0		BL11265_evm0		Ensembl	protein_coding	1930281	1933462	3182	BL11265_evm0		BL11265_evm0	2	791	1933461	1931871.5	1930282	1933461	1931871.5	1930282	1931871.5	explicit_start_codon	terminal_CDS_positional_proxy	FALSE	TRUE	TRUE	1	1	1	FALSE	FALSE	0					TRUE	greatest_genomic_span_with_usable_CDS_and_strand;ties_Ensembl_canonical_then_transcript_id	explicit_codon_middle_when_complete_else_terminal_CDS_positional_proxy_in_transcription_order	arithmetic_genomic_midpoint_between_codon_centers	manual_collinear_order_on_BraLan2_Sc0000000	Same-strand model in the single BraLan2 Hox cluster; assigned by physical order.	FALSE		https://ftp.ensemblgenomes.ebi.ac.uk/pub/metazoa/release-63/gtf/branchiostoma_lanceolatum/Branchiostoma_lanceolatum.BraLan2.63.gtf.gz	Branchiostoma_lanceolatum.BraLan2.63.gtf.gz	b4c69024b22cb41469164515d58fb41a639bd9862b9eb32b39ef0c9a3a93978f
amphioxus	amphioxus	Amphioxus	Branchiostoma lanceolatum	BraLan2	GCA_900088365.1	Ensembl Metazoa	63	amphioxus	A	A	ancestral	ancestral	ancestral	10	6	Hox10	Hox10	Hox10	BL01497		BL01497	Ensembl	protein_coding	Sc0000000	1940645	1941701	-	BL01497_evm0		BL01497_evm0		Ensembl	protein_coding	1940645	1941701	1057	BL01497_evm0		BL01497_evm0	2	681	1941700	1941173	1940646	1941700	1941173	1940646	1941173	explicit_start_codon	explicit_stop_codon	FALSE	FALSE	FALSE	1	1	1	FALSE	FALSE	0					TRUE	greatest_genomic_span_with_usable_CDS_and_strand;ties_Ensembl_canonical_then_transcript_id	explicit_codon_middle_when_complete_else_terminal_CDS_positional_proxy_in_transcription_order	arithmetic_genomic_midpoint_between_codon_centers	manual_collinear_order_on_BraLan2_Sc0000000	Same-strand model in the single BraLan2 Hox cluster; assigned by physical order.	FALSE		https://ftp.ensemblgenomes.ebi.ac.uk/pub/metazoa/release-63/gtf/branchiostoma_lanceolatum/Branchiostoma_lanceolatum.BraLan2.63.gtf.gz	Branchiostoma_lanceolatum.BraLan2.63.gtf.gz	b4c69024b22cb41469164515d58fb41a639bd9862b9eb32b39ef0c9a3a93978f
amphioxus	amphioxus	Amphioxus	Branchiostoma lanceolatum	BraLan2	GCA_900088365.1	Ensembl Metazoa	63	amphioxus	A	A	ancestral	ancestral	ancestral	9	7	Hox9	Hox9	Hox9	BL02690		BL02690	Ensembl	protein_coding	Sc0000000	1979963	1982042	-	BL02690_evm0		BL02690_evm0		Ensembl	protein_coding	1979963	1982042	2080	BL02690_evm0		BL02690_evm0	2	708	1982041	1981002.5	1979964	1982041	1981002.5	1979964	1981002.5	explicit_start_codon	explicit_stop_codon	FALSE	FALSE	FALSE	1	1	1	FALSE	FALSE	0					TRUE	greatest_genomic_span_with_usable_CDS_and_strand;ties_Ensembl_canonical_then_transcript_id	explicit_codon_middle_when_complete_else_terminal_CDS_positional_proxy_in_transcription_order	arithmetic_genomic_midpoint_between_codon_centers	manual_collinear_order_on_BraLan2_Sc0000000	Same-strand model in the single BraLan2 Hox cluster; assigned by physical order.	FALSE		https://ftp.ensemblgenomes.ebi.ac.uk/pub/metazoa/release-63/gtf/branchiostoma_lanceolatum/Branchiostoma_lanceolatum.BraLan2.63.gtf.gz	Branchiostoma_lanceolatum.BraLan2.63.gtf.gz	b4c69024b22cb41469164515d58fb41a639bd9862b9eb32b39ef0c9a3a93978f
amphioxus	amphioxus	Amphioxus	Branchiostoma lanceolatum	BraLan2	GCA_900088365.1	Ensembl Metazoa	63	amphioxus	A	A	ancestral	ancestral	ancestral	8	8	Hox8	Hox8	Hox8	BL01142		BL01142	Ensembl	protein_coding	Sc0000000	1999276	2001682	-	BL01142_evm0		BL01142_evm0		Ensembl	protein_coding	1999276	2001682	2407	BL01142_evm0		BL01142_evm0	2	618	2001681	2000479	1999277	2001681	2000479	1999277	2000479	explicit_start_codon	explicit_stop_codon	FALSE	FALSE	FALSE	1	1	1	FALSE	FALSE	0					TRUE	greatest_genomic_span_with_usable_CDS_and_strand;ties_Ensembl_canonical_then_transcript_id	explicit_codon_middle_when_complete_else_terminal_CDS_positional_proxy_in_transcription_order	arithmetic_genomic_midpoint_between_codon_centers	manual_collinear_order_on_BraLan2_Sc0000000	Same-strand model in the single BraLan2 Hox cluster; assigned by physical order.	FALSE		https://ftp.ensemblgenomes.ebi.ac.uk/pub/metazoa/release-63/gtf/branchiostoma_lanceolatum/Branchiostoma_lanceolatum.BraLan2.63.gtf.gz	Branchiostoma_lanceolatum.BraLan2.63.gtf.gz	b4c69024b22cb41469164515d58fb41a639bd9862b9eb32b39ef0c9a3a93978f
amphioxus	amphioxus	Amphioxus	Branchiostoma lanceolatum	BraLan2	GCA_900088365.1	Ensembl Metazoa	63	amphioxus	A	A	ancestral	ancestral	ancestral	7	9	Hox7	Hox7	Hox7	BL02747		BL02747	Ensembl	protein_coding	Sc0000000	2035776	2088188	-	BL02747_evm1		BL02747_evm1		Ensembl	protein_coding	2035776	2088188	52413	BL02747_evm1		BL02747_evm1	3	216	2088186	2061981.5	2035777	2088186	2061981.5	2035777	2061981.5	terminal_CDS_positional_proxy	terminal_CDS_positional_proxy	TRUE	TRUE	TRUE	1	1	1	FALSE	FALSE	0					TRUE	greatest_genomic_span_with_usable_CDS_and_strand;ties_Ensembl_canonical_then_transcript_id	explicit_codon_middle_when_complete_else_terminal_CDS_positional_proxy_in_transcription_order	arithmetic_genomic_midpoint_between_codon_centers	manual_collinear_order_on_BraLan2_Sc0000000	Same-strand model in the single BraLan2 Hox cluster; assigned by physical order.	FALSE		https://ftp.ensemblgenomes.ebi.ac.uk/pub/metazoa/release-63/gtf/branchiostoma_lanceolatum/Branchiostoma_lanceolatum.BraLan2.63.gtf.gz	Branchiostoma_lanceolatum.BraLan2.63.gtf.gz	b4c69024b22cb41469164515d58fb41a639bd9862b9eb32b39ef0c9a3a93978f
amphioxus	amphioxus	Amphioxus	Branchiostoma lanceolatum	BraLan2	GCA_900088365.1	Ensembl Metazoa	63	amphioxus	A	A	ancestral	ancestral	ancestral	6	10	Hox6	Hox6	Hox6	BL02721		BL02721	Ensembl	protein_coding	Sc0000000	2107271	2108002	-	BL02721_evm0		BL02721_evm0		Ensembl	protein_coding	2107271	2108002	732	BL02721_evm0		BL02721_evm0	1	729	2108001	2107636.5	2107272	2108001	2107636.5	2107272	2107636.5	explicit_start_codon	explicit_stop_codon	FALSE	FALSE	FALSE	1	1	1	FALSE	FALSE	0					TRUE	greatest_genomic_span_with_usable_CDS_and_strand;ties_Ensembl_canonical_then_transcript_id	explicit_codon_middle_when_complete_else_terminal_CDS_positional_proxy_in_transcription_order	arithmetic_genomic_midpoint_between_codon_centers	manual_collinear_order_on_BraLan2_Sc0000000	Same-strand model in the single BraLan2 Hox cluster; assigned by physical order.	FALSE		https://ftp.ensemblgenomes.ebi.ac.uk/pub/metazoa/release-63/gtf/branchiostoma_lanceolatum/Branchiostoma_lanceolatum.BraLan2.63.gtf.gz	Branchiostoma_lanceolatum.BraLan2.63.gtf.gz	b4c69024b22cb41469164515d58fb41a639bd9862b9eb32b39ef0c9a3a93978f
amphioxus	amphioxus	Amphioxus	Branchiostoma lanceolatum	BraLan2	GCA_900088365.1	Ensembl Metazoa	63	amphioxus	A	A	ancestral	ancestral	ancestral	5	11	Hox5	Hox5	Hox5	BL22794		BL22794	Ensembl	protein_coding	Sc0000000	2145142	2147852	-	BL22794_evm0		BL22794_evm0		Ensembl	protein_coding	2145142	2147852	2711	BL22794_evm0		BL22794_evm0	3	708	2147851	2146497	2145143	2147851	2146497	2145143	2146497	explicit_start_codon	explicit_stop_codon	FALSE	FALSE	FALSE	1	1	1	FALSE	FALSE	0					TRUE	greatest_genomic_span_with_usable_CDS_and_strand;ties_Ensembl_canonical_then_transcript_id	explicit_codon_middle_when_complete_else_terminal_CDS_positional_proxy_in_transcription_order	arithmetic_genomic_midpoint_between_codon_centers	manual_collinear_order_on_BraLan2_Sc0000000	Same-strand model in the single BraLan2 Hox cluster; assigned by physical order.	FALSE		https://ftp.ensemblgenomes.ebi.ac.uk/pub/metazoa/release-63/gtf/branchiostoma_lanceolatum/Branchiostoma_lanceolatum.BraLan2.63.gtf.gz	Branchiostoma_lanceolatum.BraLan2.63.gtf.gz	b4c69024b22cb41469164515d58fb41a639bd9862b9eb32b39ef0c9a3a93978f
amphioxus	amphioxus	Amphioxus	Branchiostoma lanceolatum	BraLan2	GCA_900088365.1	Ensembl Metazoa	63	amphioxus	A	A	ancestral	ancestral	ancestral	4	12	Hox4	Hox4	Hox4	BL01764		BL01764	Ensembl	protein_coding	Sc0000000	2159523	2162957	-	BL01764_evm0		BL01764_evm0		Ensembl	protein_coding	2159523	2162957	3435	BL01764_evm0		BL01764_evm0	3	480	2162956	2161240	2159524	2162956	2161240	2159524	2161240	explicit_start_codon	explicit_stop_codon	FALSE	FALSE	FALSE	1	1	1	FALSE	FALSE	0					TRUE	greatest_genomic_span_with_usable_CDS_and_strand;ties_Ensembl_canonical_then_transcript_id	explicit_codon_middle_when_complete_else_terminal_CDS_positional_proxy_in_transcription_order	arithmetic_genomic_midpoint_between_codon_centers	manual_collinear_order_on_BraLan2_Sc0000000	Same-strand model in the single BraLan2 Hox cluster; assigned by physical order.	FALSE		https://ftp.ensemblgenomes.ebi.ac.uk/pub/metazoa/release-63/gtf/branchiostoma_lanceolatum/Branchiostoma_lanceolatum.BraLan2.63.gtf.gz	Branchiostoma_lanceolatum.BraLan2.63.gtf.gz	b4c69024b22cb41469164515d58fb41a639bd9862b9eb32b39ef0c9a3a93978f
amphioxus	amphioxus	Amphioxus	Branchiostoma lanceolatum	BraLan2	GCA_900088365.1	Ensembl Metazoa	63	amphioxus	A	A	ancestral	ancestral	ancestral	3	13	Hox3	Hox3	Hox3	BL11259		BL11259	Ensembl	protein_coding	Sc0000000	2169412	2172244	-	BL11259_evm0		BL11259_evm0		Ensembl	protein_coding	2169412	2172244	2833	BL11259_evm0		BL11259_evm0	2	684	2172243	2170828	2169413	2172243	2170828	2169413	2170828	explicit_start_codon	explicit_stop_codon	FALSE	FALSE	FALSE	1	1	1	FALSE	FALSE	0					TRUE	greatest_genomic_span_with_usable_CDS_and_strand;ties_Ensembl_canonical_then_transcript_id	explicit_codon_middle_when_complete_else_terminal_CDS_positional_proxy_in_transcription_order	arithmetic_genomic_midpoint_between_codon_centers	manual_collinear_order_on_BraLan2_Sc0000000	Same-strand model in the single BraLan2 Hox cluster; assigned by physical order.	FALSE		https://ftp.ensemblgenomes.ebi.ac.uk/pub/metazoa/release-63/gtf/branchiostoma_lanceolatum/Branchiostoma_lanceolatum.BraLan2.63.gtf.gz	Branchiostoma_lanceolatum.BraLan2.63.gtf.gz	b4c69024b22cb41469164515d58fb41a639bd9862b9eb32b39ef0c9a3a93978f
amphioxus	amphioxus	Amphioxus	Branchiostoma lanceolatum	BraLan2	GCA_900088365.1	Ensembl Metazoa	63	amphioxus	A	A	ancestral	ancestral	ancestral	2	14	Hox2	Hox2	Hox2	BL11262		BL11262	Ensembl	protein_coding	Sc0000000	2220392	2223140	-	BL11262_cuf5		BL11262_cuf5		Ensembl	protein_coding	2220392	2223140	2749	BL11262_cuf5		BL11262_cuf5	2	696	2223068	2221855	2220642	2223068	2221855	2220642	2221855	explicit_start_codon	explicit_stop_codon	FALSE	FALSE	FALSE	1	1	1	FALSE	FALSE	0					TRUE	greatest_genomic_span_with_usable_CDS_and_strand;ties_Ensembl_canonical_then_transcript_id	explicit_codon_middle_when_complete_else_terminal_CDS_positional_proxy_in_transcription_order	arithmetic_genomic_midpoint_between_codon_centers	manual_collinear_order_on_BraLan2_Sc0000000	Same-strand model in the single BraLan2 Hox cluster; assigned by physical order.	FALSE		https://ftp.ensemblgenomes.ebi.ac.uk/pub/metazoa/release-63/gtf/branchiostoma_lanceolatum/Branchiostoma_lanceolatum.BraLan2.63.gtf.gz	Branchiostoma_lanceolatum.BraLan2.63.gtf.gz	b4c69024b22cb41469164515d58fb41a639bd9862b9eb32b39ef0c9a3a93978f
amphioxus	amphioxus	Amphioxus	Branchiostoma lanceolatum	BraLan2	GCA_900088365.1	Ensembl Metazoa	63	amphioxus	A	A	ancestral	ancestral	ancestral	1	15	Hox1	Hox1	Hox1	BL06042		BL06042	Ensembl	protein_coding	Sc0000000	2301945	2306012	-	BL06042_cuf1		BL06042_cuf1		Ensembl	protein_coding	2301945	2306012	4068	BL06042_cuf1		BL06042_cuf1	2	837	2305913	2304177.5	2302442	2305913	2304177.5	2302442	2304177.5	explicit_start_codon	explicit_stop_codon	FALSE	FALSE	FALSE	1	1	1	FALSE	FALSE	0					TRUE	greatest_genomic_span_with_usable_CDS_and_strand;ties_Ensembl_canonical_then_transcript_id	explicit_codon_middle_when_complete_else_terminal_CDS_positional_proxy_in_transcription_order	arithmetic_genomic_midpoint_between_codon_centers	manual_collinear_order_on_BraLan2_Sc0000000	Same-strand model in the single BraLan2 Hox cluster; assigned by physical order.	FALSE		https://ftp.ensemblgenomes.ebi.ac.uk/pub/metazoa/release-63/gtf/branchiostoma_lanceolatum/Branchiostoma_lanceolatum.BraLan2.63.gtf.gz	Branchiostoma_lanceolatum.BraLan2.63.gtf.gz	b4c69024b22cb41469164515d58fb41a639bd9862b9eb32b39ef0c9a3a93978f
